# ROG ZOMBIE | Y-up, metres, base pivot
mtllib Crates.mtl
o Sacchi_06_Pallet
usemtl CrateAtlas
s off
v -0.595000 0.000000 -0.525000
v -0.595000 0.130000 -0.525000
v -0.445000 0.130000 -0.525000
v -0.595000 0.000000 -0.525000
v -0.445000 0.130000 -0.525000
v -0.445000 0.000000 -0.525000
v -0.595000 0.000000 0.525000
v -0.445000 0.000000 0.525000
v -0.445000 0.130000 0.525000
v -0.595000 0.000000 0.525000
v -0.445000 0.130000 0.525000
v -0.595000 0.130000 0.525000
v -0.595000 0.000000 -0.525000
v -0.595000 0.000000 0.525000
v -0.595000 0.130000 0.525000
v -0.595000 0.000000 -0.525000
v -0.595000 0.130000 0.525000
v -0.595000 0.130000 -0.525000
v -0.445000 0.000000 -0.525000
v -0.445000 0.130000 -0.525000
v -0.445000 0.130000 0.525000
v -0.445000 0.000000 -0.525000
v -0.445000 0.130000 0.525000
v -0.445000 0.000000 0.525000
v -0.595000 0.000000 -0.525000
v -0.445000 0.000000 -0.525000
v -0.445000 0.000000 0.525000
v -0.595000 0.000000 -0.525000
v -0.445000 0.000000 0.525000
v -0.595000 0.000000 0.525000
v -0.595000 0.130000 -0.525000
v -0.595000 0.130000 0.525000
v -0.445000 0.130000 0.525000
v -0.595000 0.130000 -0.525000
v -0.445000 0.130000 0.525000
v -0.445000 0.130000 -0.525000
v 0.445000 0.000000 -0.525000
v 0.445000 0.130000 -0.525000
v 0.595000 0.130000 -0.525000
v 0.445000 0.000000 -0.525000
v 0.595000 0.130000 -0.525000
v 0.595000 0.000000 -0.525000
v 0.445000 0.000000 0.525000
v 0.595000 0.000000 0.525000
v 0.595000 0.130000 0.525000
v 0.445000 0.000000 0.525000
v 0.595000 0.130000 0.525000
v 0.445000 0.130000 0.525000
v 0.445000 0.000000 -0.525000
v 0.445000 0.000000 0.525000
v 0.445000 0.130000 0.525000
v 0.445000 0.000000 -0.525000
v 0.445000 0.130000 0.525000
v 0.445000 0.130000 -0.525000
v 0.595000 0.000000 -0.525000
v 0.595000 0.130000 -0.525000
v 0.595000 0.130000 0.525000
v 0.595000 0.000000 -0.525000
v 0.595000 0.130000 0.525000
v 0.595000 0.000000 0.525000
v 0.445000 0.000000 -0.525000
v 0.595000 0.000000 -0.525000
v 0.595000 0.000000 0.525000
v 0.445000 0.000000 -0.525000
v 0.595000 0.000000 0.525000
v 0.445000 0.000000 0.525000
v 0.445000 0.130000 -0.525000
v 0.445000 0.130000 0.525000
v 0.595000 0.130000 0.525000
v 0.445000 0.130000 -0.525000
v 0.595000 0.130000 0.525000
v 0.595000 0.130000 -0.525000
v -0.700000 0.120000 -0.527500
v -0.700000 0.190000 -0.527500
v 0.700000 0.190000 -0.527500
v -0.700000 0.120000 -0.527500
v 0.700000 0.190000 -0.527500
v 0.700000 0.120000 -0.527500
v -0.700000 0.120000 -0.332500
v 0.700000 0.120000 -0.332500
v 0.700000 0.190000 -0.332500
v -0.700000 0.120000 -0.332500
v 0.700000 0.190000 -0.332500
v -0.700000 0.190000 -0.332500
v -0.700000 0.120000 -0.527500
v -0.700000 0.120000 -0.332500
v -0.700000 0.190000 -0.332500
v -0.700000 0.120000 -0.527500
v -0.700000 0.190000 -0.332500
v -0.700000 0.190000 -0.527500
v 0.700000 0.120000 -0.527500
v 0.700000 0.190000 -0.527500
v 0.700000 0.190000 -0.332500
v 0.700000 0.120000 -0.527500
v 0.700000 0.190000 -0.332500
v 0.700000 0.120000 -0.332500
v -0.700000 0.120000 -0.527500
v 0.700000 0.120000 -0.527500
v 0.700000 0.120000 -0.332500
v -0.700000 0.120000 -0.527500
v 0.700000 0.120000 -0.332500
v -0.700000 0.120000 -0.332500
v -0.700000 0.190000 -0.527500
v -0.700000 0.190000 -0.332500
v 0.700000 0.190000 -0.332500
v -0.700000 0.190000 -0.527500
v 0.700000 0.190000 -0.332500
v 0.700000 0.190000 -0.527500
v -0.700000 0.120000 -0.312500
v -0.700000 0.190000 -0.312500
v 0.700000 0.190000 -0.312500
v -0.700000 0.120000 -0.312500
v 0.700000 0.190000 -0.312500
v 0.700000 0.120000 -0.312500
v -0.700000 0.120000 -0.117500
v 0.700000 0.120000 -0.117500
v 0.700000 0.190000 -0.117500
v -0.700000 0.120000 -0.117500
v 0.700000 0.190000 -0.117500
v -0.700000 0.190000 -0.117500
v -0.700000 0.120000 -0.312500
v -0.700000 0.120000 -0.117500
v -0.700000 0.190000 -0.117500
v -0.700000 0.120000 -0.312500
v -0.700000 0.190000 -0.117500
v -0.700000 0.190000 -0.312500
v 0.700000 0.120000 -0.312500
v 0.700000 0.190000 -0.312500
v 0.700000 0.190000 -0.117500
v 0.700000 0.120000 -0.312500
v 0.700000 0.190000 -0.117500
v 0.700000 0.120000 -0.117500
v -0.700000 0.120000 -0.312500
v 0.700000 0.120000 -0.312500
v 0.700000 0.120000 -0.117500
v -0.700000 0.120000 -0.312500
v 0.700000 0.120000 -0.117500
v -0.700000 0.120000 -0.117500
v -0.700000 0.190000 -0.312500
v -0.700000 0.190000 -0.117500
v 0.700000 0.190000 -0.117500
v -0.700000 0.190000 -0.312500
v 0.700000 0.190000 -0.117500
v 0.700000 0.190000 -0.312500
v -0.700000 0.120000 -0.097500
v -0.700000 0.190000 -0.097500
v 0.700000 0.190000 -0.097500
v -0.700000 0.120000 -0.097500
v 0.700000 0.190000 -0.097500
v 0.700000 0.120000 -0.097500
v -0.700000 0.120000 0.097500
v 0.700000 0.120000 0.097500
v 0.700000 0.190000 0.097500
v -0.700000 0.120000 0.097500
v 0.700000 0.190000 0.097500
v -0.700000 0.190000 0.097500
v -0.700000 0.120000 -0.097500
v -0.700000 0.120000 0.097500
v -0.700000 0.190000 0.097500
v -0.700000 0.120000 -0.097500
v -0.700000 0.190000 0.097500
v -0.700000 0.190000 -0.097500
v 0.700000 0.120000 -0.097500
v 0.700000 0.190000 -0.097500
v 0.700000 0.190000 0.097500
v 0.700000 0.120000 -0.097500
v 0.700000 0.190000 0.097500
v 0.700000 0.120000 0.097500
v -0.700000 0.120000 -0.097500
v 0.700000 0.120000 -0.097500
v 0.700000 0.120000 0.097500
v -0.700000 0.120000 -0.097500
v 0.700000 0.120000 0.097500
v -0.700000 0.120000 0.097500
v -0.700000 0.190000 -0.097500
v -0.700000 0.190000 0.097500
v 0.700000 0.190000 0.097500
v -0.700000 0.190000 -0.097500
v 0.700000 0.190000 0.097500
v 0.700000 0.190000 -0.097500
v -0.700000 0.120000 0.117500
v -0.700000 0.190000 0.117500
v 0.700000 0.190000 0.117500
v -0.700000 0.120000 0.117500
v 0.700000 0.190000 0.117500
v 0.700000 0.120000 0.117500
v -0.700000 0.120000 0.312500
v 0.700000 0.120000 0.312500
v 0.700000 0.190000 0.312500
v -0.700000 0.120000 0.312500
v 0.700000 0.190000 0.312500
v -0.700000 0.190000 0.312500
v -0.700000 0.120000 0.117500
v -0.700000 0.120000 0.312500
v -0.700000 0.190000 0.312500
v -0.700000 0.120000 0.117500
v -0.700000 0.190000 0.312500
v -0.700000 0.190000 0.117500
v 0.700000 0.120000 0.117500
v 0.700000 0.190000 0.117500
v 0.700000 0.190000 0.312500
v 0.700000 0.120000 0.117500
v 0.700000 0.190000 0.312500
v 0.700000 0.120000 0.312500
v -0.700000 0.120000 0.117500
v 0.700000 0.120000 0.117500
v 0.700000 0.120000 0.312500
v -0.700000 0.120000 0.117500
v 0.700000 0.120000 0.312500
v -0.700000 0.120000 0.312500
v -0.700000 0.190000 0.117500
v -0.700000 0.190000 0.312500
v 0.700000 0.190000 0.312500
v -0.700000 0.190000 0.117500
v 0.700000 0.190000 0.312500
v 0.700000 0.190000 0.117500
v -0.700000 0.120000 0.332500
v -0.700000 0.190000 0.332500
v 0.700000 0.190000 0.332500
v -0.700000 0.120000 0.332500
v 0.700000 0.190000 0.332500
v 0.700000 0.120000 0.332500
v -0.700000 0.120000 0.527500
v 0.700000 0.120000 0.527500
v 0.700000 0.190000 0.527500
v -0.700000 0.120000 0.527500
v 0.700000 0.190000 0.527500
v -0.700000 0.190000 0.527500
v -0.700000 0.120000 0.332500
v -0.700000 0.120000 0.527500
v -0.700000 0.190000 0.527500
v -0.700000 0.120000 0.332500
v -0.700000 0.190000 0.527500
v -0.700000 0.190000 0.332500
v 0.700000 0.120000 0.332500
v 0.700000 0.190000 0.332500
v 0.700000 0.190000 0.527500
v 0.700000 0.120000 0.332500
v 0.700000 0.190000 0.527500
v 0.700000 0.120000 0.527500
v -0.700000 0.120000 0.332500
v 0.700000 0.120000 0.332500
v 0.700000 0.120000 0.527500
v -0.700000 0.120000 0.332500
v 0.700000 0.120000 0.527500
v -0.700000 0.120000 0.527500
v -0.700000 0.190000 0.332500
v -0.700000 0.190000 0.527500
v 0.700000 0.190000 0.527500
v -0.700000 0.190000 0.332500
v 0.700000 0.190000 0.527500
v 0.700000 0.190000 0.332500
v -0.224557 0.482167 -0.445000
v -0.193416 0.453730 -0.445000
v -0.170763 0.420000 -0.445000
v -0.271390 0.502371 -0.445000
v -0.224557 0.482167 -0.445000
v -0.170763 0.420000 -0.445000
v -0.325908 0.494593 -0.445000
v -0.271390 0.502371 -0.445000
v -0.170763 0.420000 -0.445000
v -0.377312 0.483708 -0.445000
v -0.325908 0.494593 -0.445000
v -0.170763 0.420000 -0.445000
v -0.414153 0.456125 -0.445000
v -0.377312 0.483708 -0.445000
v -0.170763 0.420000 -0.445000
v -0.415762 0.420000 -0.445000
v -0.414153 0.456125 -0.445000
v -0.170763 0.420000 -0.445000
v -0.414153 0.383875 -0.445000
v -0.415762 0.420000 -0.445000
v -0.170763 0.420000 -0.445000
v -0.377312 0.356292 -0.445000
v -0.414153 0.383875 -0.445000
v -0.170763 0.420000 -0.445000
v -0.325908 0.345407 -0.445000
v -0.377312 0.356292 -0.445000
v -0.170763 0.420000 -0.445000
v -0.271390 0.337629 -0.445000
v -0.325908 0.345407 -0.445000
v -0.170763 0.420000 -0.445000
v -0.224557 0.357833 -0.445000
v -0.271390 0.337629 -0.445000
v -0.170763 0.420000 -0.445000
v -0.193416 0.386270 -0.445000
v -0.224557 0.357833 -0.445000
v -0.170763 0.420000 -0.445000
v -0.210645 0.420000 0.415000
v -0.232446 0.441378 0.415000
v -0.251038 0.460347 0.415000
v -0.210645 0.420000 0.415000
v -0.251038 0.460347 0.415000
v -0.280312 0.476685 0.415000
v -0.210645 0.420000 0.415000
v -0.280312 0.476685 0.415000
v -0.316138 0.466462 0.415000
v -0.210645 0.420000 0.415000
v -0.316138 0.466462 0.415000
v -0.351419 0.462371 0.415000
v -0.210645 0.420000 0.415000
v -0.351419 0.462371 0.415000
v -0.377502 0.444527 0.415000
v -0.210645 0.420000 0.415000
v -0.377502 0.444527 0.415000
v -0.371645 0.420000 0.415000
v -0.210645 0.420000 0.415000
v -0.371645 0.420000 0.415000
v -0.377502 0.395473 0.415000
v -0.210645 0.420000 0.415000
v -0.377502 0.395473 0.415000
v -0.351419 0.377629 0.415000
v -0.210645 0.420000 0.415000
v -0.351419 0.377629 0.415000
v -0.316138 0.373538 0.415000
v -0.210645 0.420000 0.415000
v -0.316138 0.373538 0.415000
v -0.280312 0.363315 0.415000
v -0.210645 0.420000 0.415000
v -0.280312 0.363315 0.415000
v -0.251038 0.379653 0.415000
v -0.210645 0.420000 0.415000
v -0.251038 0.379653 0.415000
v -0.232446 0.398622 0.415000
v -0.193416 0.453730 -0.445000
v -0.086832 0.487460 -0.402000
v -0.041525 0.420000 -0.402000
v -0.193416 0.453730 -0.445000
v -0.041525 0.420000 -0.402000
v -0.170763 0.420000 -0.445000
v -0.224557 0.482167 -0.445000
v -0.149115 0.544334 -0.402000
v -0.086832 0.487460 -0.402000
v -0.224557 0.482167 -0.445000
v -0.086832 0.487460 -0.402000
v -0.193416 0.453730 -0.445000
v -0.271390 0.502371 -0.445000
v -0.242781 0.584741 -0.402000
v -0.149115 0.544334 -0.402000
v -0.271390 0.502371 -0.445000
v -0.149115 0.544334 -0.402000
v -0.224557 0.482167 -0.445000
v -0.325908 0.494593 -0.445000
v -0.351816 0.569185 -0.402000
v -0.242781 0.584741 -0.402000
v -0.325908 0.494593 -0.445000
v -0.242781 0.584741 -0.402000
v -0.271390 0.502371 -0.445000
v -0.377312 0.483708 -0.445000
v -0.454625 0.547415 -0.402000
v -0.351816 0.569185 -0.402000
v -0.377312 0.483708 -0.445000
v -0.351816 0.569185 -0.402000
v -0.325908 0.494593 -0.445000
v -0.414153 0.456125 -0.445000
v -0.528307 0.492251 -0.402000
v -0.454625 0.547415 -0.402000
v -0.414153 0.456125 -0.445000
v -0.454625 0.547415 -0.402000
v -0.377312 0.483708 -0.445000
v -0.415762 0.420000 -0.445000
v -0.531525 0.420000 -0.402000
v -0.528307 0.492251 -0.402000
v -0.415762 0.420000 -0.445000
v -0.528307 0.492251 -0.402000
v -0.414153 0.456125 -0.445000
v -0.414153 0.383875 -0.445000
v -0.528307 0.347749 -0.402000
v -0.531525 0.420000 -0.402000
v -0.414153 0.383875 -0.445000
v -0.531525 0.420000 -0.402000
v -0.415762 0.420000 -0.445000
v -0.377312 0.356292 -0.445000
v -0.454625 0.292585 -0.402000
v -0.528307 0.347749 -0.402000
v -0.377312 0.356292 -0.445000
v -0.528307 0.347749 -0.402000
v -0.414153 0.383875 -0.445000
v -0.325908 0.345407 -0.445000
v -0.351816 0.270815 -0.402000
v -0.454625 0.292585 -0.402000
v -0.325908 0.345407 -0.445000
v -0.454625 0.292585 -0.402000
v -0.377312 0.356292 -0.445000
v -0.271390 0.337629 -0.445000
v -0.242781 0.255259 -0.402000
v -0.351816 0.270815 -0.402000
v -0.271390 0.337629 -0.445000
v -0.351816 0.270815 -0.402000
v -0.325908 0.345407 -0.445000
v -0.224557 0.357833 -0.445000
v -0.149115 0.295666 -0.402000
v -0.242781 0.255259 -0.402000
v -0.224557 0.357833 -0.445000
v -0.242781 0.255259 -0.402000
v -0.271390 0.337629 -0.445000
v -0.193416 0.386270 -0.445000
v -0.086832 0.352540 -0.402000
v -0.149115 0.295666 -0.402000
v -0.193416 0.386270 -0.445000
v -0.149115 0.295666 -0.402000
v -0.224557 0.357833 -0.445000
v -0.170763 0.420000 -0.445000
v -0.041525 0.420000 -0.402000
v -0.086832 0.352540 -0.402000
v -0.170763 0.420000 -0.445000
v -0.086832 0.352540 -0.402000
v -0.193416 0.386270 -0.445000
v -0.086832 0.487460 -0.402000
v -0.022882 0.507698 -0.324600
v 0.036017 0.420000 -0.324600
v -0.086832 0.487460 -0.402000
v 0.036017 0.420000 -0.324600
v -0.041525 0.420000 -0.402000
v -0.149115 0.544334 -0.402000
v -0.103849 0.581635 -0.324600
v -0.022882 0.507698 -0.324600
v -0.149115 0.544334 -0.402000
v -0.022882 0.507698 -0.324600
v -0.086832 0.487460 -0.402000
v -0.242781 0.584741 -0.402000
v -0.225615 0.634164 -0.324600
v -0.103849 0.581635 -0.324600
v -0.242781 0.584741 -0.402000
v -0.103849 0.581635 -0.324600
v -0.149115 0.544334 -0.402000
v -0.351816 0.569185 -0.402000
v -0.367361 0.613941 -0.324600
v -0.225615 0.634164 -0.324600
v -0.351816 0.569185 -0.402000
v -0.225615 0.634164 -0.324600
v -0.242781 0.584741 -0.402000
v -0.454625 0.547415 -0.402000
v -0.501012 0.585640 -0.324600
v -0.367361 0.613941 -0.324600
v -0.454625 0.547415 -0.402000
v -0.367361 0.613941 -0.324600
v -0.351816 0.569185 -0.402000
v -0.528307 0.492251 -0.402000
v -0.596799 0.513926 -0.324600
v -0.501012 0.585640 -0.324600
v -0.528307 0.492251 -0.402000
v -0.501012 0.585640 -0.324600
v -0.454625 0.547415 -0.402000
v -0.531525 0.420000 -0.402000
v -0.600982 0.420000 -0.324600
v -0.596799 0.513926 -0.324600
v -0.531525 0.420000 -0.402000
v -0.596799 0.513926 -0.324600
v -0.528307 0.492251 -0.402000
v -0.528307 0.347749 -0.402000
v -0.596799 0.326074 -0.324600
v -0.600982 0.420000 -0.324600
v -0.528307 0.347749 -0.402000
v -0.600982 0.420000 -0.324600
v -0.531525 0.420000 -0.402000
v -0.454625 0.292585 -0.402000
v -0.501012 0.254360 -0.324600
v -0.596799 0.326074 -0.324600
v -0.454625 0.292585 -0.402000
v -0.596799 0.326074 -0.324600
v -0.528307 0.347749 -0.402000
v -0.351816 0.270815 -0.402000
v -0.367361 0.226059 -0.324600
v -0.501012 0.254360 -0.324600
v -0.351816 0.270815 -0.402000
v -0.501012 0.254360 -0.324600
v -0.454625 0.292585 -0.402000
v -0.242781 0.255259 -0.402000
v -0.225615 0.205836 -0.324600
v -0.367361 0.226059 -0.324600
v -0.242781 0.255259 -0.402000
v -0.367361 0.226059 -0.324600
v -0.351816 0.270815 -0.402000
v -0.149115 0.295666 -0.402000
v -0.103849 0.258365 -0.324600
v -0.225615 0.205836 -0.324600
v -0.149115 0.295666 -0.402000
v -0.225615 0.205836 -0.324600
v -0.242781 0.255259 -0.402000
v -0.086832 0.352540 -0.402000
v -0.022882 0.332302 -0.324600
v -0.103849 0.258365 -0.324600
v -0.086832 0.352540 -0.402000
v -0.103849 0.258365 -0.324600
v -0.149115 0.295666 -0.402000
v -0.041525 0.420000 -0.402000
v 0.036017 0.420000 -0.324600
v -0.022882 0.332302 -0.324600
v -0.041525 0.420000 -0.402000
v -0.022882 0.332302 -0.324600
v -0.086832 0.352540 -0.402000
v -0.022882 0.507698 -0.324600
v 0.004526 0.516371 -0.187000
v 0.069250 0.420000 -0.187000
v -0.022882 0.507698 -0.324600
v 0.069250 0.420000 -0.187000
v 0.036017 0.420000 -0.324600
v -0.103849 0.581635 -0.324600
v -0.084449 0.597620 -0.187000
v 0.004526 0.516371 -0.187000
v -0.103849 0.581635 -0.324600
v 0.004526 0.516371 -0.187000
v -0.022882 0.507698 -0.324600
v -0.225615 0.634164 -0.324600
v -0.218258 0.655345 -0.187000
v -0.084449 0.597620 -0.187000
v -0.225615 0.634164 -0.324600
v -0.084449 0.597620 -0.187000
v -0.103849 0.581635 -0.324600
v -0.367361 0.613941 -0.324600
v -0.374023 0.633122 -0.187000
v -0.218258 0.655345 -0.187000
v -0.367361 0.613941 -0.324600
v -0.218258 0.655345 -0.187000
v -0.225615 0.634164 -0.324600
v -0.501012 0.585640 -0.324600
v -0.520892 0.602022 -0.187000
v -0.374023 0.633122 -0.187000
v -0.501012 0.585640 -0.324600
v -0.374023 0.633122 -0.187000
v -0.367361 0.613941 -0.324600
v -0.596799 0.513926 -0.324600
v -0.626153 0.523215 -0.187000
v -0.520892 0.602022 -0.187000
v -0.596799 0.513926 -0.324600
v -0.520892 0.602022 -0.187000
v -0.501012 0.585640 -0.324600
v -0.600982 0.420000 -0.324600
v -0.630750 0.420000 -0.187000
v -0.626153 0.523215 -0.187000
v -0.600982 0.420000 -0.324600
v -0.626153 0.523215 -0.187000
v -0.596799 0.513926 -0.324600
v -0.596799 0.326074 -0.324600
v -0.626153 0.316785 -0.187000
v -0.630750 0.420000 -0.187000
v -0.596799 0.326074 -0.324600
v -0.630750 0.420000 -0.187000
v -0.600982 0.420000 -0.324600
v -0.501012 0.254360 -0.324600
v -0.520892 0.237978 -0.187000
v -0.626153 0.316785 -0.187000
v -0.501012 0.254360 -0.324600
v -0.626153 0.316785 -0.187000
v -0.596799 0.326074 -0.324600
v -0.367361 0.226059 -0.324600
v -0.374023 0.206878 -0.187000
v -0.520892 0.237978 -0.187000
v -0.367361 0.226059 -0.324600
v -0.520892 0.237978 -0.187000
v -0.501012 0.254360 -0.324600
v -0.225615 0.205836 -0.324600
v -0.218258 0.184655 -0.187000
v -0.374023 0.206878 -0.187000
v -0.225615 0.205836 -0.324600
v -0.374023 0.206878 -0.187000
v -0.367361 0.226059 -0.324600
v -0.103849 0.258365 -0.324600
v -0.084449 0.242380 -0.187000
v -0.218258 0.184655 -0.187000
v -0.103849 0.258365 -0.324600
v -0.218258 0.184655 -0.187000
v -0.225615 0.205836 -0.324600
v -0.022882 0.332302 -0.324600
v 0.004526 0.323629 -0.187000
v -0.084449 0.242380 -0.187000
v -0.022882 0.332302 -0.324600
v -0.084449 0.242380 -0.187000
v -0.103849 0.258365 -0.324600
v 0.036017 0.420000 -0.324600
v 0.069250 0.420000 -0.187000
v 0.004526 0.323629 -0.187000
v 0.036017 0.420000 -0.324600
v 0.004526 0.323629 -0.187000
v -0.022882 0.332302 -0.324600
v 0.004526 0.516371 -0.187000
v -0.001565 0.514444 -0.032200
v 0.061865 0.420000 -0.032200
v 0.004526 0.516371 -0.187000
v 0.061865 0.420000 -0.032200
v 0.069250 0.420000 -0.187000
v -0.084449 0.597620 -0.187000
v -0.088760 0.594068 -0.032200
v -0.001565 0.514444 -0.032200
v -0.084449 0.597620 -0.187000
v -0.001565 0.514444 -0.032200
v 0.004526 0.516371 -0.187000
v -0.218258 0.655345 -0.187000
v -0.219893 0.650638 -0.032200
v -0.088760 0.594068 -0.032200
v -0.218258 0.655345 -0.187000
v -0.088760 0.594068 -0.032200
v -0.084449 0.597620 -0.187000
v -0.374023 0.633122 -0.187000
v -0.372543 0.628859 -0.032200
v -0.219893 0.650638 -0.032200
v -0.374023 0.633122 -0.187000
v -0.219893 0.650638 -0.032200
v -0.218258 0.655345 -0.187000
v -0.520892 0.602022 -0.187000
v -0.516474 0.598382 -0.032200
v -0.372543 0.628859 -0.032200
v -0.520892 0.602022 -0.187000
v -0.372543 0.628859 -0.032200
v -0.374023 0.633122 -0.187000
v -0.626153 0.523215 -0.187000
v -0.619630 0.521151 -0.032200
v -0.516474 0.598382 -0.032200
v -0.626153 0.523215 -0.187000
v -0.516474 0.598382 -0.032200
v -0.520892 0.602022 -0.187000
v -0.630750 0.420000 -0.187000
v -0.624135 0.420000 -0.032200
v -0.619630 0.521151 -0.032200
v -0.630750 0.420000 -0.187000
v -0.619630 0.521151 -0.032200
v -0.626153 0.523215 -0.187000
v -0.626153 0.316785 -0.187000
v -0.619630 0.318849 -0.032200
v -0.624135 0.420000 -0.032200
v -0.626153 0.316785 -0.187000
v -0.624135 0.420000 -0.032200
v -0.630750 0.420000 -0.187000
v -0.520892 0.237978 -0.187000
v -0.516474 0.241618 -0.032200
v -0.619630 0.318849 -0.032200
v -0.520892 0.237978 -0.187000
v -0.619630 0.318849 -0.032200
v -0.626153 0.316785 -0.187000
v -0.374023 0.206878 -0.187000
v -0.372543 0.211141 -0.032200
v -0.516474 0.241618 -0.032200
v -0.374023 0.206878 -0.187000
v -0.516474 0.241618 -0.032200
v -0.520892 0.237978 -0.187000
v -0.218258 0.184655 -0.187000
v -0.219893 0.189362 -0.032200
v -0.372543 0.211141 -0.032200
v -0.218258 0.184655 -0.187000
v -0.372543 0.211141 -0.032200
v -0.374023 0.206878 -0.187000
v -0.084449 0.242380 -0.187000
v -0.088760 0.245932 -0.032200
v -0.219893 0.189362 -0.032200
v -0.084449 0.242380 -0.187000
v -0.219893 0.189362 -0.032200
v -0.218258 0.184655 -0.187000
v 0.004526 0.323629 -0.187000
v -0.001565 0.325556 -0.032200
v -0.088760 0.245932 -0.032200
v 0.004526 0.323629 -0.187000
v -0.088760 0.245932 -0.032200
v -0.084449 0.242380 -0.187000
v 0.069250 0.420000 -0.187000
v 0.061865 0.420000 -0.032200
v -0.001565 0.325556 -0.032200
v 0.069250 0.420000 -0.187000
v -0.001565 0.325556 -0.032200
v 0.004526 0.323629 -0.187000
v -0.001565 0.514444 -0.032200
v -0.041153 0.501915 0.114000
v 0.013862 0.420000 0.114000
v -0.001565 0.514444 -0.032200
v 0.013862 0.420000 0.114000
v 0.061865 0.420000 -0.032200
v -0.088760 0.594068 -0.032200
v -0.116782 0.570977 0.114000
v -0.041153 0.501915 0.114000
v -0.088760 0.594068 -0.032200
v -0.041153 0.501915 0.114000
v -0.001565 0.514444 -0.032200
v -0.219893 0.650638 -0.032200
v -0.230520 0.620043 0.114000
v -0.116782 0.570977 0.114000
v -0.219893 0.650638 -0.032200
v -0.116782 0.570977 0.114000
v -0.088760 0.594068 -0.032200
v -0.372543 0.628859 -0.032200
v -0.362920 0.601154 0.114000
v -0.230520 0.620043 0.114000
v -0.372543 0.628859 -0.032200
v -0.230520 0.620043 0.114000
v -0.219893 0.650638 -0.032200
v -0.516474 0.598382 -0.032200
v -0.487758 0.574719 0.114000
v -0.362920 0.601154 0.114000
v -0.516474 0.598382 -0.032200
v -0.362920 0.601154 0.114000
v -0.372543 0.628859 -0.032200
v -0.619630 0.521151 -0.032200
v -0.577230 0.507733 0.114000
v -0.487758 0.574719 0.114000
v -0.619630 0.521151 -0.032200
v -0.487758 0.574719 0.114000
v -0.516474 0.598382 -0.032200
v -0.624135 0.420000 -0.032200
v -0.581137 0.420000 0.114000
v -0.577230 0.507733 0.114000
v -0.624135 0.420000 -0.032200
v -0.577230 0.507733 0.114000
v -0.619630 0.521151 -0.032200
v -0.619630 0.318849 -0.032200
v -0.577230 0.332267 0.114000
v -0.581137 0.420000 0.114000
v -0.619630 0.318849 -0.032200
v -0.581137 0.420000 0.114000
v -0.624135 0.420000 -0.032200
v -0.516474 0.241618 -0.032200
v -0.487758 0.265281 0.114000
v -0.577230 0.332267 0.114000
v -0.516474 0.241618 -0.032200
v -0.577230 0.332267 0.114000
v -0.619630 0.318849 -0.032200
v -0.372543 0.211141 -0.032200
v -0.362920 0.238846 0.114000
v -0.487758 0.265281 0.114000
v -0.372543 0.211141 -0.032200
v -0.487758 0.265281 0.114000
v -0.516474 0.241618 -0.032200
v -0.219893 0.189362 -0.032200
v -0.230520 0.219957 0.114000
v -0.362920 0.238846 0.114000
v -0.219893 0.189362 -0.032200
v -0.362920 0.238846 0.114000
v -0.372543 0.211141 -0.032200
v -0.088760 0.245932 -0.032200
v -0.116782 0.269023 0.114000
v -0.230520 0.219957 0.114000
v -0.088760 0.245932 -0.032200
v -0.230520 0.219957 0.114000
v -0.219893 0.189362 -0.032200
v -0.001565 0.325556 -0.032200
v -0.041153 0.338085 0.114000
v -0.116782 0.269023 0.114000
v -0.001565 0.325556 -0.032200
v -0.116782 0.269023 0.114000
v -0.088760 0.245932 -0.032200
v 0.061865 0.420000 -0.032200
v 0.013862 0.420000 0.114000
v -0.041153 0.338085 0.114000
v 0.061865 0.420000 -0.032200
v -0.041153 0.338085 0.114000
v -0.001565 0.325556 -0.032200
v -0.041153 0.501915 0.114000
v -0.123773 0.475769 0.225800
v -0.066900 0.420000 0.225800
v -0.041153 0.501915 0.114000
v -0.066900 0.420000 0.225800
v 0.013862 0.420000 0.114000
v -0.116782 0.570977 0.114000
v -0.172272 0.525252 0.225800
v -0.123773 0.475769 0.225800
v -0.116782 0.570977 0.114000
v -0.123773 0.475769 0.225800
v -0.041153 0.501915 0.114000
v -0.230520 0.620043 0.114000
v -0.248639 0.567874 0.225800
v -0.172272 0.525252 0.225800
v -0.230520 0.620043 0.114000
v -0.172272 0.525252 0.225800
v -0.116782 0.570977 0.114000
v -0.362920 0.601154 0.114000
v -0.342098 0.541206 0.225800
v -0.248639 0.567874 0.225800
v -0.362920 0.601154 0.114000
v -0.248639 0.567874 0.225800
v -0.230520 0.620043 0.114000
v -0.487758 0.574719 0.114000
v -0.434138 0.530534 0.225800
v -0.342098 0.541206 0.225800
v -0.487758 0.574719 0.114000
v -0.342098 0.541206 0.225800
v -0.362920 0.601154 0.114000
v -0.577230 0.507733 0.114000
v -0.502180 0.483982 0.225800
v -0.434138 0.530534 0.225800
v -0.577230 0.507733 0.114000
v -0.434138 0.530534 0.225800
v -0.487758 0.574719 0.114000
v -0.581137 0.420000 0.114000
v -0.486900 0.420000 0.225800
v -0.502180 0.483982 0.225800
v -0.581137 0.420000 0.114000
v -0.502180 0.483982 0.225800
v -0.577230 0.507733 0.114000
v -0.577230 0.332267 0.114000
v -0.502180 0.356018 0.225800
v -0.486900 0.420000 0.225800
v -0.577230 0.332267 0.114000
v -0.486900 0.420000 0.225800
v -0.581137 0.420000 0.114000
v -0.487758 0.265281 0.114000
v -0.434138 0.309466 0.225800
v -0.502180 0.356018 0.225800
v -0.487758 0.265281 0.114000
v -0.502180 0.356018 0.225800
v -0.577230 0.332267 0.114000
v -0.362920 0.238846 0.114000
v -0.342098 0.298794 0.225800
v -0.434138 0.309466 0.225800
v -0.362920 0.238846 0.114000
v -0.434138 0.309466 0.225800
v -0.487758 0.265281 0.114000
v -0.230520 0.219957 0.114000
v -0.248639 0.272126 0.225800
v -0.342098 0.298794 0.225800
v -0.230520 0.219957 0.114000
v -0.342098 0.298794 0.225800
v -0.362920 0.238846 0.114000
v -0.116782 0.269023 0.114000
v -0.172272 0.314748 0.225800
v -0.248639 0.272126 0.225800
v -0.116782 0.269023 0.114000
v -0.248639 0.272126 0.225800
v -0.230520 0.219957 0.114000
v -0.041153 0.338085 0.114000
v -0.123773 0.364231 0.225800
v -0.172272 0.314748 0.225800
v -0.041153 0.338085 0.114000
v -0.172272 0.314748 0.225800
v -0.116782 0.269023 0.114000
v 0.013862 0.420000 0.114000
v -0.066900 0.420000 0.225800
v -0.123773 0.364231 0.225800
v 0.013862 0.420000 0.114000
v -0.123773 0.364231 0.225800
v -0.041153 0.338085 0.114000
v -0.123773 0.475769 0.225800
v -0.247132 0.436731 0.294600
v -0.230070 0.420000 0.294600
v -0.123773 0.475769 0.225800
v -0.230070 0.420000 0.294600
v -0.066900 0.420000 0.225800
v -0.172272 0.525252 0.225800
v -0.261682 0.451576 0.294600
v -0.247132 0.436731 0.294600
v -0.172272 0.525252 0.225800
v -0.247132 0.436731 0.294600
v -0.123773 0.475769 0.225800
v -0.248639 0.567874 0.225800
v -0.284592 0.464362 0.294600
v -0.261682 0.451576 0.294600
v -0.248639 0.567874 0.225800
v -0.261682 0.451576 0.294600
v -0.172272 0.525252 0.225800
v -0.342098 0.541206 0.225800
v -0.312629 0.456362 0.294600
v -0.284592 0.464362 0.294600
v -0.342098 0.541206 0.225800
v -0.284592 0.464362 0.294600
v -0.248639 0.567874 0.225800
v -0.434138 0.530534 0.225800
v -0.340241 0.453160 0.294600
v -0.312629 0.456362 0.294600
v -0.434138 0.530534 0.225800
v -0.312629 0.456362 0.294600
v -0.342098 0.541206 0.225800
v -0.502180 0.483982 0.225800
v -0.360654 0.439195 0.294600
v -0.340241 0.453160 0.294600
v -0.502180 0.483982 0.225800
v -0.340241 0.453160 0.294600
v -0.434138 0.530534 0.225800
v -0.486900 0.420000 0.225800
v -0.356070 0.420000 0.294600
v -0.360654 0.439195 0.294600
v -0.486900 0.420000 0.225800
v -0.360654 0.439195 0.294600
v -0.502180 0.483982 0.225800
v -0.502180 0.356018 0.225800
v -0.360654 0.400805 0.294600
v -0.356070 0.420000 0.294600
v -0.502180 0.356018 0.225800
v -0.356070 0.420000 0.294600
v -0.486900 0.420000 0.225800
v -0.434138 0.309466 0.225800
v -0.340241 0.386840 0.294600
v -0.360654 0.400805 0.294600
v -0.434138 0.309466 0.225800
v -0.360654 0.400805 0.294600
v -0.502180 0.356018 0.225800
v -0.342098 0.298794 0.225800
v -0.312629 0.383638 0.294600
v -0.340241 0.386840 0.294600
v -0.342098 0.298794 0.225800
v -0.340241 0.386840 0.294600
v -0.434138 0.309466 0.225800
v -0.248639 0.272126 0.225800
v -0.284592 0.375638 0.294600
v -0.312629 0.383638 0.294600
v -0.248639 0.272126 0.225800
v -0.312629 0.383638 0.294600
v -0.342098 0.298794 0.225800
v -0.172272 0.314748 0.225800
v -0.261682 0.388424 0.294600
v -0.284592 0.375638 0.294600
v -0.172272 0.314748 0.225800
v -0.284592 0.375638 0.294600
v -0.248639 0.272126 0.225800
v -0.123773 0.364231 0.225800
v -0.247132 0.403269 0.294600
v -0.261682 0.388424 0.294600
v -0.123773 0.364231 0.225800
v -0.261682 0.388424 0.294600
v -0.172272 0.314748 0.225800
v -0.066900 0.420000 0.225800
v -0.230070 0.420000 0.294600
v -0.247132 0.403269 0.294600
v -0.066900 0.420000 0.225800
v -0.247132 0.403269 0.294600
v -0.123773 0.364231 0.225800
v -0.247132 0.436731 0.294600
v -0.255943 0.433942 0.320400
v -0.241725 0.420000 0.320400
v -0.247132 0.436731 0.294600
v -0.241725 0.420000 0.320400
v -0.230070 0.420000 0.294600
v -0.261682 0.451576 0.294600
v -0.268068 0.446313 0.320400
v -0.255943 0.433942 0.320400
v -0.261682 0.451576 0.294600
v -0.255943 0.433942 0.320400
v -0.247132 0.436731 0.294600
v -0.284592 0.464362 0.294600
v -0.287160 0.456968 0.320400
v -0.268068 0.446313 0.320400
v -0.284592 0.464362 0.294600
v -0.268068 0.446313 0.320400
v -0.261682 0.451576 0.294600
v -0.312629 0.456362 0.294600
v -0.310525 0.450302 0.320400
v -0.287160 0.456968 0.320400
v -0.312629 0.456362 0.294600
v -0.287160 0.456968 0.320400
v -0.284592 0.464362 0.294600
v -0.340241 0.453160 0.294600
v -0.333534 0.447633 0.320400
v -0.310525 0.450302 0.320400
v -0.340241 0.453160 0.294600
v -0.310525 0.450302 0.320400
v -0.312629 0.456362 0.294600
v -0.360654 0.439195 0.294600
v -0.350545 0.435996 0.320400
v -0.333534 0.447633 0.320400
v -0.360654 0.439195 0.294600
v -0.333534 0.447633 0.320400
v -0.340241 0.453160 0.294600
v -0.356070 0.420000 0.294600
v -0.346725 0.420000 0.320400
v -0.350545 0.435996 0.320400
v -0.356070 0.420000 0.294600
v -0.350545 0.435996 0.320400
v -0.360654 0.439195 0.294600
v -0.360654 0.400805 0.294600
v -0.350545 0.404004 0.320400
v -0.346725 0.420000 0.320400
v -0.360654 0.400805 0.294600
v -0.346725 0.420000 0.320400
v -0.356070 0.420000 0.294600
v -0.340241 0.386840 0.294600
v -0.333534 0.392367 0.320400
v -0.350545 0.404004 0.320400
v -0.340241 0.386840 0.294600
v -0.350545 0.404004 0.320400
v -0.360654 0.400805 0.294600
v -0.312629 0.383638 0.294600
v -0.310525 0.389698 0.320400
v -0.333534 0.392367 0.320400
v -0.312629 0.383638 0.294600
v -0.333534 0.392367 0.320400
v -0.340241 0.386840 0.294600
v -0.284592 0.375638 0.294600
v -0.287160 0.383032 0.320400
v -0.310525 0.389698 0.320400
v -0.284592 0.375638 0.294600
v -0.310525 0.389698 0.320400
v -0.312629 0.383638 0.294600
v -0.261682 0.388424 0.294600
v -0.268068 0.393687 0.320400
v -0.287160 0.383032 0.320400
v -0.261682 0.388424 0.294600
v -0.287160 0.383032 0.320400
v -0.284592 0.375638 0.294600
v -0.247132 0.403269 0.294600
v -0.255943 0.406058 0.320400
v -0.268068 0.393687 0.320400
v -0.247132 0.403269 0.294600
v -0.268068 0.393687 0.320400
v -0.261682 0.388424 0.294600
v -0.230070 0.420000 0.294600
v -0.241725 0.420000 0.320400
v -0.255943 0.406058 0.320400
v -0.230070 0.420000 0.294600
v -0.255943 0.406058 0.320400
v -0.247132 0.403269 0.294600
v -0.255943 0.433942 0.320400
v -0.214824 0.446955 0.363400
v -0.187335 0.420000 0.363400
v -0.255943 0.433942 0.320400
v -0.187335 0.420000 0.363400
v -0.241725 0.420000 0.320400
v -0.268068 0.446313 0.320400
v -0.238265 0.470872 0.363400
v -0.214824 0.446955 0.363400
v -0.268068 0.446313 0.320400
v -0.214824 0.446955 0.363400
v -0.255943 0.433942 0.320400
v -0.287160 0.456968 0.320400
v -0.275176 0.491472 0.363400
v -0.238265 0.470872 0.363400
v -0.287160 0.456968 0.320400
v -0.238265 0.470872 0.363400
v -0.268068 0.446313 0.320400
v -0.310525 0.450302 0.320400
v -0.320347 0.478583 0.363400
v -0.275176 0.491472 0.363400
v -0.310525 0.450302 0.320400
v -0.275176 0.491472 0.363400
v -0.287160 0.456968 0.320400
v -0.333534 0.447633 0.320400
v -0.364833 0.473425 0.363400
v -0.320347 0.478583 0.363400
v -0.333534 0.447633 0.320400
v -0.320347 0.478583 0.363400
v -0.310525 0.450302 0.320400
v -0.350545 0.435996 0.320400
v -0.397720 0.450925 0.363400
v -0.364833 0.473425 0.363400
v -0.350545 0.435996 0.320400
v -0.364833 0.473425 0.363400
v -0.333534 0.447633 0.320400
v -0.346725 0.420000 0.320400
v -0.390335 0.420000 0.363400
v -0.397720 0.450925 0.363400
v -0.346725 0.420000 0.320400
v -0.397720 0.450925 0.363400
v -0.350545 0.435996 0.320400
v -0.350545 0.404004 0.320400
v -0.397720 0.389075 0.363400
v -0.390335 0.420000 0.363400
v -0.350545 0.404004 0.320400
v -0.390335 0.420000 0.363400
v -0.346725 0.420000 0.320400
v -0.333534 0.392367 0.320400
v -0.364833 0.366575 0.363400
v -0.397720 0.389075 0.363400
v -0.333534 0.392367 0.320400
v -0.397720 0.389075 0.363400
v -0.350545 0.404004 0.320400
v -0.310525 0.389698 0.320400
v -0.320347 0.361417 0.363400
v -0.364833 0.366575 0.363400
v -0.310525 0.389698 0.320400
v -0.364833 0.366575 0.363400
v -0.333534 0.392367 0.320400
v -0.287160 0.383032 0.320400
v -0.275176 0.348528 0.363400
v -0.320347 0.361417 0.363400
v -0.287160 0.383032 0.320400
v -0.320347 0.361417 0.363400
v -0.310525 0.389698 0.320400
v -0.268068 0.393687 0.320400
v -0.238265 0.369128 0.363400
v -0.275176 0.348528 0.363400
v -0.268068 0.393687 0.320400
v -0.275176 0.348528 0.363400
v -0.287160 0.383032 0.320400
v -0.255943 0.406058 0.320400
v -0.214824 0.393045 0.363400
v -0.238265 0.369128 0.363400
v -0.255943 0.406058 0.320400
v -0.238265 0.369128 0.363400
v -0.268068 0.393687 0.320400
v -0.241725 0.420000 0.320400
v -0.187335 0.420000 0.363400
v -0.214824 0.393045 0.363400
v -0.241725 0.420000 0.320400
v -0.214824 0.393045 0.363400
v -0.255943 0.406058 0.320400
v -0.214824 0.446955 0.363400
v -0.232446 0.441378 0.415000
v -0.210645 0.420000 0.415000
v -0.214824 0.446955 0.363400
v -0.210645 0.420000 0.415000
v -0.187335 0.420000 0.363400
v -0.238265 0.470872 0.363400
v -0.251038 0.460347 0.415000
v -0.232446 0.441378 0.415000
v -0.238265 0.470872 0.363400
v -0.232446 0.441378 0.415000
v -0.214824 0.446955 0.363400
v -0.275176 0.491472 0.363400
v -0.280312 0.476685 0.415000
v -0.251038 0.460347 0.415000
v -0.275176 0.491472 0.363400
v -0.251038 0.460347 0.415000
v -0.238265 0.470872 0.363400
v -0.320347 0.478583 0.363400
v -0.316138 0.466462 0.415000
v -0.280312 0.476685 0.415000
v -0.320347 0.478583 0.363400
v -0.280312 0.476685 0.415000
v -0.275176 0.491472 0.363400
v -0.364833 0.473425 0.363400
v -0.351419 0.462371 0.415000
v -0.316138 0.466462 0.415000
v -0.364833 0.473425 0.363400
v -0.316138 0.466462 0.415000
v -0.320347 0.478583 0.363400
v -0.397720 0.450925 0.363400
v -0.377502 0.444527 0.415000
v -0.351419 0.462371 0.415000
v -0.397720 0.450925 0.363400
v -0.351419 0.462371 0.415000
v -0.364833 0.473425 0.363400
v -0.390335 0.420000 0.363400
v -0.371645 0.420000 0.415000
v -0.377502 0.444527 0.415000
v -0.390335 0.420000 0.363400
v -0.377502 0.444527 0.415000
v -0.397720 0.450925 0.363400
v -0.397720 0.389075 0.363400
v -0.377502 0.395473 0.415000
v -0.371645 0.420000 0.415000
v -0.397720 0.389075 0.363400
v -0.371645 0.420000 0.415000
v -0.390335 0.420000 0.363400
v -0.364833 0.366575 0.363400
v -0.351419 0.377629 0.415000
v -0.377502 0.395473 0.415000
v -0.364833 0.366575 0.363400
v -0.377502 0.395473 0.415000
v -0.397720 0.389075 0.363400
v -0.320347 0.361417 0.363400
v -0.316138 0.373538 0.415000
v -0.351419 0.377629 0.415000
v -0.320347 0.361417 0.363400
v -0.351419 0.377629 0.415000
v -0.364833 0.366575 0.363400
v -0.275176 0.348528 0.363400
v -0.280312 0.363315 0.415000
v -0.316138 0.373538 0.415000
v -0.275176 0.348528 0.363400
v -0.316138 0.373538 0.415000
v -0.320347 0.361417 0.363400
v -0.238265 0.369128 0.363400
v -0.251038 0.379653 0.415000
v -0.280312 0.363315 0.415000
v -0.238265 0.369128 0.363400
v -0.280312 0.363315 0.415000
v -0.275176 0.348528 0.363400
v -0.214824 0.393045 0.363400
v -0.232446 0.398622 0.415000
v -0.251038 0.379653 0.415000
v -0.214824 0.393045 0.363400
v -0.251038 0.379653 0.415000
v -0.238265 0.369128 0.363400
v -0.187335 0.420000 0.363400
v -0.210645 0.420000 0.415000
v -0.232446 0.398622 0.415000
v -0.187335 0.420000 0.363400
v -0.232446 0.398622 0.415000
v -0.214824 0.393045 0.363400
v -0.212948 0.882519 -0.455000
v -0.188651 0.851581 -0.455000
v -0.167464 0.820000 -0.455000
v -0.263343 0.895572 -0.455000
v -0.212948 0.882519 -0.455000
v -0.167464 0.820000 -0.455000
v -0.315239 0.891552 -0.455000
v -0.263343 0.895572 -0.455000
v -0.167464 0.820000 -0.455000
v -0.368034 0.883315 -0.455000
v -0.315239 0.891552 -0.455000
v -0.167464 0.820000 -0.455000
v -0.395322 0.852819 -0.455000
v -0.368034 0.883315 -0.455000
v -0.167464 0.820000 -0.455000
v -0.405464 0.820000 -0.455000
v -0.395322 0.852819 -0.455000
v -0.167464 0.820000 -0.455000
v -0.403081 0.784763 -0.455000
v -0.405464 0.820000 -0.455000
v -0.167464 0.820000 -0.455000
v -0.361338 0.762117 -0.455000
v -0.403081 0.784763 -0.455000
v -0.167464 0.820000 -0.455000
v -0.316303 0.745433 -0.455000
v -0.361338 0.762117 -0.455000
v -0.167464 0.820000 -0.455000
v -0.262279 0.741413 -0.455000
v -0.316303 0.745433 -0.455000
v -0.167464 0.820000 -0.455000
v -0.219643 0.762913 -0.455000
v -0.262279 0.741413 -0.455000
v -0.167464 0.820000 -0.455000
v -0.180892 0.786001 -0.455000
v -0.219643 0.762913 -0.455000
v -0.167464 0.820000 -0.455000
v -0.207152 0.820000 0.375000
v -0.227254 0.839552 0.375000
v -0.237488 0.862607 0.375000
v -0.207152 0.820000 0.375000
v -0.237488 0.862607 0.375000
v -0.272366 0.869992 0.375000
v -0.207152 0.820000 0.375000
v -0.272366 0.869992 0.375000
v -0.305771 0.864709 0.375000
v -0.207152 0.820000 0.375000
v -0.305771 0.864709 0.375000
v -0.343802 0.863654 0.375000
v -0.207152 0.820000 0.375000
v -0.343802 0.863654 0.375000
v -0.357968 0.841179 0.375000
v -0.207152 0.820000 0.375000
v -0.357968 0.841179 0.375000
v -0.363552 0.820000 0.375000
v -0.207152 0.820000 0.375000
v -0.363552 0.820000 0.375000
v -0.368165 0.795643 0.375000
v -0.207152 0.820000 0.375000
v -0.368165 0.795643 0.375000
v -0.335002 0.783486 0.375000
v -0.207152 0.820000 0.375000
v -0.335002 0.783486 0.375000
v -0.307168 0.771329 0.375000
v -0.207152 0.820000 0.375000
v -0.307168 0.771329 0.375000
v -0.270968 0.766046 0.375000
v -0.207152 0.820000 0.375000
v -0.270968 0.766046 0.375000
v -0.246288 0.784533 0.375000
v -0.207152 0.820000 0.375000
v -0.246288 0.784533 0.375000
v -0.217056 0.797270 0.375000
v -0.188651 0.851581 -0.455000
v -0.087301 0.883162 -0.413500
v -0.044927 0.820000 -0.413500
v -0.188651 0.851581 -0.455000
v -0.044927 0.820000 -0.413500
v -0.167464 0.820000 -0.455000
v -0.212948 0.882519 -0.455000
v -0.135895 0.945038 -0.413500
v -0.087301 0.883162 -0.413500
v -0.212948 0.882519 -0.455000
v -0.087301 0.883162 -0.413500
v -0.188651 0.851581 -0.455000
v -0.263343 0.895572 -0.455000
v -0.236686 0.971144 -0.413500
v -0.135895 0.945038 -0.413500
v -0.263343 0.895572 -0.455000
v -0.135895 0.945038 -0.413500
v -0.212948 0.882519 -0.455000
v -0.315239 0.891552 -0.455000
v -0.340479 0.963104 -0.413500
v -0.236686 0.971144 -0.413500
v -0.315239 0.891552 -0.455000
v -0.236686 0.971144 -0.413500
v -0.263343 0.895572 -0.455000
v -0.368034 0.883315 -0.455000
v -0.446067 0.946631 -0.413500
v -0.340479 0.963104 -0.413500
v -0.368034 0.883315 -0.455000
v -0.340479 0.963104 -0.413500
v -0.315239 0.891552 -0.455000
v -0.395322 0.852819 -0.455000
v -0.500645 0.885638 -0.413500
v -0.446067 0.946631 -0.413500
v -0.395322 0.852819 -0.455000
v -0.446067 0.946631 -0.413500
v -0.368034 0.883315 -0.455000
v -0.405464 0.820000 -0.455000
v -0.520927 0.820000 -0.413500
v -0.500645 0.885638 -0.413500
v -0.405464 0.820000 -0.455000
v -0.500645 0.885638 -0.413500
v -0.395322 0.852819 -0.455000
v -0.403081 0.784763 -0.455000
v -0.516162 0.749526 -0.413500
v -0.520927 0.820000 -0.413500
v -0.403081 0.784763 -0.455000
v -0.520927 0.820000 -0.413500
v -0.405464 0.820000 -0.455000
v -0.361338 0.762117 -0.455000
v -0.432676 0.704234 -0.413500
v -0.516162 0.749526 -0.413500
v -0.361338 0.762117 -0.455000
v -0.516162 0.749526 -0.413500
v -0.403081 0.784763 -0.455000
v -0.316303 0.745433 -0.455000
v -0.342606 0.670866 -0.413500
v -0.432676 0.704234 -0.413500
v -0.316303 0.745433 -0.455000
v -0.432676 0.704234 -0.413500
v -0.361338 0.762117 -0.455000
v -0.262279 0.741413 -0.455000
v -0.234559 0.662826 -0.413500
v -0.342606 0.670866 -0.413500
v -0.262279 0.741413 -0.455000
v -0.342606 0.670866 -0.413500
v -0.316303 0.745433 -0.455000
v -0.219643 0.762913 -0.455000
v -0.149286 0.705827 -0.413500
v -0.234559 0.662826 -0.413500
v -0.219643 0.762913 -0.455000
v -0.234559 0.662826 -0.413500
v -0.262279 0.741413 -0.455000
v -0.180892 0.786001 -0.455000
v -0.071783 0.752002 -0.413500
v -0.149286 0.705827 -0.413500
v -0.180892 0.786001 -0.455000
v -0.149286 0.705827 -0.413500
v -0.219643 0.762913 -0.455000
v -0.167464 0.820000 -0.455000
v -0.044927 0.820000 -0.413500
v -0.071783 0.752002 -0.413500
v -0.167464 0.820000 -0.455000
v -0.071783 0.752002 -0.413500
v -0.180892 0.786001 -0.455000
v -0.087301 0.883162 -0.413500
v -0.026492 0.902111 -0.338800
v 0.028594 0.820000 -0.338800
v -0.087301 0.883162 -0.413500
v 0.028594 0.820000 -0.338800
v -0.044927 0.820000 -0.413500
v -0.135895 0.945038 -0.413500
v -0.089664 0.982550 -0.338800
v -0.026492 0.902111 -0.338800
v -0.135895 0.945038 -0.413500
v -0.026492 0.902111 -0.338800
v -0.087301 0.883162 -0.413500
v -0.236686 0.971144 -0.413500
v -0.220691 1.016487 -0.338800
v -0.089664 0.982550 -0.338800
v -0.236686 0.971144 -0.413500
v -0.089664 0.982550 -0.338800
v -0.135895 0.945038 -0.413500
v -0.340479 0.963104 -0.413500
v -0.355622 1.006036 -0.338800
v -0.220691 1.016487 -0.338800
v -0.340479 0.963104 -0.413500
v -0.220691 1.016487 -0.338800
v -0.236686 0.971144 -0.413500
v -0.446067 0.946631 -0.413500
v -0.492887 0.984620 -0.338800
v -0.355622 1.006036 -0.338800
v -0.446067 0.946631 -0.413500
v -0.355622 1.006036 -0.338800
v -0.340479 0.963104 -0.413500
v -0.500645 0.885638 -0.413500
v -0.563838 0.905330 -0.338800
v -0.492887 0.984620 -0.338800
v -0.500645 0.885638 -0.413500
v -0.492887 0.984620 -0.338800
v -0.446067 0.946631 -0.413500
v -0.520927 0.820000 -0.413500
v -0.590206 0.820000 -0.338800
v -0.563838 0.905330 -0.338800
v -0.520927 0.820000 -0.413500
v -0.563838 0.905330 -0.338800
v -0.500645 0.885638 -0.413500
v -0.516162 0.749526 -0.413500
v -0.584011 0.728384 -0.338800
v -0.590206 0.820000 -0.338800
v -0.516162 0.749526 -0.413500
v -0.590206 0.820000 -0.338800
v -0.520927 0.820000 -0.413500
v -0.432676 0.704234 -0.413500
v -0.475479 0.669505 -0.338800
v -0.584011 0.728384 -0.338800
v -0.432676 0.704234 -0.413500
v -0.584011 0.728384 -0.338800
v -0.516162 0.749526 -0.413500
v -0.342606 0.670866 -0.413500
v -0.358387 0.626126 -0.338800
v -0.475479 0.669505 -0.338800
v -0.342606 0.670866 -0.413500
v -0.475479 0.669505 -0.338800
v -0.432676 0.704234 -0.413500
v -0.234559 0.662826 -0.413500
v -0.217926 0.615674 -0.338800
v -0.358387 0.626126 -0.338800
v -0.234559 0.662826 -0.413500
v -0.358387 0.626126 -0.338800
v -0.342606 0.670866 -0.413500
v -0.149286 0.705827 -0.413500
v -0.107072 0.671575 -0.338800
v -0.217926 0.615674 -0.338800
v -0.149286 0.705827 -0.413500
v -0.217926 0.615674 -0.338800
v -0.234559 0.662826 -0.413500
v -0.071783 0.752002 -0.413500
v -0.006318 0.731603 -0.338800
v -0.107072 0.671575 -0.338800
v -0.071783 0.752002 -0.413500
v -0.107072 0.671575 -0.338800
v -0.149286 0.705827 -0.413500
v -0.044927 0.820000 -0.413500
v 0.028594 0.820000 -0.338800
v -0.006318 0.731603 -0.338800
v -0.044927 0.820000 -0.413500
v -0.006318 0.731603 -0.338800
v -0.071783 0.752002 -0.413500
v -0.026492 0.902111 -0.338800
v -0.000430 0.910232 -0.206000
v 0.060104 0.820000 -0.206000
v -0.026492 0.902111 -0.338800
v 0.060104 0.820000 -0.206000
v 0.028594 0.820000 -0.338800
v -0.089664 0.982550 -0.338800
v -0.069850 0.998626 -0.206000
v -0.000430 0.910232 -0.206000
v -0.089664 0.982550 -0.338800
v -0.000430 0.910232 -0.206000
v -0.026492 0.902111 -0.338800
v -0.220691 1.016487 -0.338800
v -0.213836 1.035920 -0.206000
v -0.069850 0.998626 -0.206000
v -0.220691 1.016487 -0.338800
v -0.069850 0.998626 -0.206000
v -0.089664 0.982550 -0.338800
v -0.355622 1.006036 -0.338800
v -0.362112 1.024435 -0.206000
v -0.213836 1.035920 -0.206000
v -0.355622 1.006036 -0.338800
v -0.213836 1.035920 -0.206000
v -0.220691 1.016487 -0.338800
v -0.492887 0.984620 -0.338800
v -0.512953 1.000901 -0.206000
v -0.362112 1.024435 -0.206000
v -0.492887 0.984620 -0.338800
v -0.362112 1.024435 -0.206000
v -0.355622 1.006036 -0.338800
v -0.563838 0.905330 -0.338800
v -0.590921 0.913769 -0.206000
v -0.512953 1.000901 -0.206000
v -0.563838 0.905330 -0.338800
v -0.512953 1.000901 -0.206000
v -0.492887 0.984620 -0.338800
v -0.590206 0.820000 -0.338800
v -0.619896 0.820000 -0.206000
v -0.590921 0.913769 -0.206000
v -0.590206 0.820000 -0.338800
v -0.590921 0.913769 -0.206000
v -0.563838 0.905330 -0.338800
v -0.584011 0.728384 -0.338800
v -0.613089 0.719323 -0.206000
v -0.619896 0.820000 -0.206000
v -0.584011 0.728384 -0.338800
v -0.619896 0.820000 -0.206000
v -0.590206 0.820000 -0.338800
v -0.475479 0.669505 -0.338800
v -0.493823 0.654621 -0.206000
v -0.613089 0.719323 -0.206000
v -0.475479 0.669505 -0.338800
v -0.613089 0.719323 -0.206000
v -0.584011 0.728384 -0.338800
v -0.358387 0.626126 -0.338800
v -0.365151 0.606951 -0.206000
v -0.493823 0.654621 -0.206000
v -0.358387 0.626126 -0.338800
v -0.493823 0.654621 -0.206000
v -0.475479 0.669505 -0.338800
v -0.217926 0.615674 -0.338800
v -0.210798 0.595466 -0.206000
v -0.365151 0.606951 -0.206000
v -0.217926 0.615674 -0.338800
v -0.365151 0.606951 -0.206000
v -0.358387 0.626126 -0.338800
v -0.107072 0.671575 -0.338800
v -0.088980 0.656895 -0.206000
v -0.210798 0.595466 -0.206000
v -0.107072 0.671575 -0.338800
v -0.210798 0.595466 -0.206000
v -0.217926 0.615674 -0.338800
v -0.006318 0.731603 -0.338800
v 0.021738 0.722860 -0.206000
v -0.088980 0.656895 -0.206000
v -0.006318 0.731603 -0.338800
v -0.088980 0.656895 -0.206000
v -0.107072 0.671575 -0.338800
v 0.028594 0.820000 -0.338800
v 0.060104 0.820000 -0.206000
v 0.021738 0.722860 -0.206000
v 0.028594 0.820000 -0.338800
v 0.021738 0.722860 -0.206000
v -0.006318 0.731603 -0.338800
v -0.000430 0.910232 -0.206000
v -0.006222 0.908427 -0.056600
v 0.053102 0.820000 -0.056600
v -0.000430 0.910232 -0.206000
v 0.053102 0.820000 -0.056600
v 0.060104 0.820000 -0.206000
v -0.069850 0.998626 -0.206000
v -0.074253 0.995054 -0.056600
v -0.006222 0.908427 -0.056600
v -0.069850 0.998626 -0.206000
v -0.006222 0.908427 -0.056600
v -0.000430 0.910232 -0.206000
v -0.213836 1.035920 -0.206000
v -0.215360 1.031601 -0.056600
v -0.074253 0.995054 -0.056600
v -0.213836 1.035920 -0.206000
v -0.074253 0.995054 -0.056600
v -0.069850 0.998626 -0.206000
v -0.362112 1.024435 -0.206000
v -0.360670 1.020346 -0.056600
v -0.215360 1.031601 -0.056600
v -0.362112 1.024435 -0.206000
v -0.215360 1.031601 -0.056600
v -0.213836 1.035920 -0.206000
v -0.512953 1.000901 -0.206000
v -0.508494 0.997283 -0.056600
v -0.360670 1.020346 -0.056600
v -0.512953 1.000901 -0.206000
v -0.360670 1.020346 -0.056600
v -0.362112 1.024435 -0.206000
v -0.590921 0.913769 -0.206000
v -0.584902 0.911894 -0.056600
v -0.508494 0.997283 -0.056600
v -0.590921 0.913769 -0.206000
v -0.508494 0.997283 -0.056600
v -0.512953 1.000901 -0.206000
v -0.619896 0.820000 -0.206000
v -0.613298 0.820000 -0.056600
v -0.584902 0.911894 -0.056600
v -0.619896 0.820000 -0.206000
v -0.584902 0.911894 -0.056600
v -0.590921 0.913769 -0.206000
v -0.613089 0.719323 -0.206000
v -0.606627 0.721337 -0.056600
v -0.613298 0.820000 -0.056600
v -0.613089 0.719323 -0.206000
v -0.613298 0.820000 -0.056600
v -0.619896 0.820000 -0.206000
v -0.493823 0.654621 -0.206000
v -0.489747 0.657928 -0.056600
v -0.606627 0.721337 -0.056600
v -0.493823 0.654621 -0.206000
v -0.606627 0.721337 -0.056600
v -0.613089 0.719323 -0.206000
v -0.365151 0.606951 -0.206000
v -0.363648 0.611212 -0.056600
v -0.489747 0.657928 -0.056600
v -0.365151 0.606951 -0.206000
v -0.489747 0.657928 -0.056600
v -0.493823 0.654621 -0.206000
v -0.210798 0.595466 -0.206000
v -0.212382 0.599957 -0.056600
v -0.363648 0.611212 -0.056600
v -0.210798 0.595466 -0.206000
v -0.363648 0.611212 -0.056600
v -0.365151 0.606951 -0.206000
v -0.088980 0.656895 -0.206000
v -0.093001 0.660157 -0.056600
v -0.212382 0.599957 -0.056600
v -0.088980 0.656895 -0.206000
v -0.212382 0.599957 -0.056600
v -0.210798 0.595466 -0.206000
v 0.021738 0.722860 -0.206000
v 0.015503 0.724803 -0.056600
v -0.093001 0.660157 -0.056600
v 0.021738 0.722860 -0.206000
v -0.093001 0.660157 -0.056600
v -0.088980 0.656895 -0.206000
v 0.060104 0.820000 -0.206000
v 0.053102 0.820000 -0.056600
v 0.015503 0.724803 -0.056600
v 0.060104 0.820000 -0.206000
v 0.015503 0.724803 -0.056600
v 0.021738 0.722860 -0.206000
v -0.006222 0.908427 -0.056600
v -0.043866 0.896697 0.084500
v 0.007588 0.820000 0.084500
v -0.006222 0.908427 -0.056600
v 0.007588 0.820000 0.084500
v 0.053102 0.820000 -0.056600
v -0.074253 0.995054 -0.056600
v -0.102873 0.971832 0.084500
v -0.043866 0.896697 0.084500
v -0.074253 0.995054 -0.056600
v -0.043866 0.896697 0.084500
v -0.006222 0.908427 -0.056600
v -0.215360 1.031601 -0.056600
v -0.225261 1.003532 0.084500
v -0.102873 0.971832 0.084500
v -0.215360 1.031601 -0.056600
v -0.102873 0.971832 0.084500
v -0.074253 0.995054 -0.056600
v -0.360670 1.020346 -0.056600
v -0.351295 0.993769 0.084500
v -0.225261 1.003532 0.084500
v -0.360670 1.020346 -0.056600
v -0.225261 1.003532 0.084500
v -0.215360 1.031601 -0.056600
v -0.508494 0.997283 -0.056600
v -0.479510 0.973766 0.084500
v -0.351295 0.993769 0.084500
v -0.508494 0.997283 -0.056600
v -0.351295 0.993769 0.084500
v -0.360670 1.020346 -0.056600
v -0.584902 0.911894 -0.056600
v -0.545783 0.899704 0.084500
v -0.479510 0.973766 0.084500
v -0.584902 0.911894 -0.056600
v -0.479510 0.973766 0.084500
v -0.508494 0.997283 -0.056600
v -0.613298 0.820000 -0.056600
v -0.570412 0.820000 0.084500
v -0.545783 0.899704 0.084500
v -0.613298 0.820000 -0.056600
v -0.545783 0.899704 0.084500
v -0.584902 0.911894 -0.056600
v -0.606627 0.721337 -0.056600
v -0.564626 0.734425 0.084500
v -0.570412 0.820000 0.084500
v -0.606627 0.721337 -0.056600
v -0.570412 0.820000 0.084500
v -0.613298 0.820000 -0.056600
v -0.489747 0.657928 -0.056600
v -0.463250 0.679427 0.084500
v -0.564626 0.734425 0.084500
v -0.489747 0.657928 -0.056600
v -0.564626 0.734425 0.084500
v -0.606627 0.721337 -0.056600
v -0.363648 0.611212 -0.056600
v -0.353878 0.638909 0.084500
v -0.463250 0.679427 0.084500
v -0.363648 0.611212 -0.056600
v -0.463250 0.679427 0.084500
v -0.489747 0.657928 -0.056600
v -0.212382 0.599957 -0.056600
v -0.222678 0.629146 0.084500
v -0.353878 0.638909 0.084500
v -0.212382 0.599957 -0.056600
v -0.353878 0.638909 0.084500
v -0.363648 0.611212 -0.056600
v -0.093001 0.660157 -0.056600
v -0.119133 0.681361 0.084500
v -0.222678 0.629146 0.084500
v -0.093001 0.660157 -0.056600
v -0.222678 0.629146 0.084500
v -0.212382 0.599957 -0.056600
v 0.015503 0.724803 -0.056600
v -0.025023 0.737431 0.084500
v -0.119133 0.681361 0.084500
v 0.015503 0.724803 -0.056600
v -0.119133 0.681361 0.084500
v -0.093001 0.660157 -0.056600
v 0.053102 0.820000 -0.056600
v 0.007588 0.820000 0.084500
v -0.025023 0.737431 0.084500
v 0.053102 0.820000 -0.056600
v -0.025023 0.737431 0.084500
v 0.015503 0.724803 -0.056600
v -0.043866 0.896697 0.084500
v -0.126314 0.871006 0.192400
v -0.073876 0.820000 0.192400
v -0.043866 0.896697 0.084500
v -0.073876 0.820000 0.192400
v 0.007588 0.820000 0.084500
v -0.102873 0.971832 0.084500
v -0.153012 0.931150 0.192400
v -0.126314 0.871006 0.192400
v -0.102873 0.971832 0.084500
v -0.126314 0.871006 0.192400
v -0.043866 0.896697 0.084500
v -0.225261 1.003532 0.084500
v -0.243998 0.950413 0.192400
v -0.153012 0.931150 0.192400
v -0.225261 1.003532 0.084500
v -0.153012 0.931150 0.192400
v -0.102873 0.971832 0.084500
v -0.351295 0.993769 0.084500
v -0.331140 0.936631 0.192400
v -0.243998 0.950413 0.192400
v -0.351295 0.993769 0.084500
v -0.243998 0.950413 0.192400
v -0.225261 1.003532 0.084500
v -0.479510 0.973766 0.084500
v -0.430352 0.933880 0.192400
v -0.331140 0.936631 0.192400
v -0.479510 0.973766 0.084500
v -0.331140 0.936631 0.192400
v -0.351295 0.993769 0.084500
v -0.545783 0.899704 0.084500
v -0.467307 0.875250 0.192400
v -0.430352 0.933880 0.192400
v -0.545783 0.899704 0.084500
v -0.430352 0.933880 0.192400
v -0.479510 0.973766 0.084500
v -0.570412 0.820000 0.084500
v -0.481876 0.820000 0.192400
v -0.467307 0.875250 0.192400
v -0.570412 0.820000 0.084500
v -0.467307 0.875250 0.192400
v -0.545783 0.899704 0.084500
v -0.564626 0.734425 0.084500
v -0.493909 0.756460 0.192400
v -0.481876 0.820000 0.192400
v -0.564626 0.734425 0.084500
v -0.481876 0.820000 0.192400
v -0.570412 0.820000 0.084500
v -0.463250 0.679427 0.084500
v -0.407396 0.724746 0.192400
v -0.493909 0.756460 0.192400
v -0.463250 0.679427 0.084500
v -0.493909 0.756460 0.192400
v -0.564626 0.734425 0.084500
v -0.353878 0.638909 0.084500
v -0.334787 0.693032 0.192400
v -0.407396 0.724746 0.192400
v -0.353878 0.638909 0.084500
v -0.407396 0.724746 0.192400
v -0.463250 0.679427 0.084500
v -0.222678 0.629146 0.084500
v -0.240352 0.679250 0.192400
v -0.334787 0.693032 0.192400
v -0.222678 0.629146 0.084500
v -0.334787 0.693032 0.192400
v -0.353878 0.638909 0.084500
v -0.119133 0.681361 0.084500
v -0.175968 0.727476 0.192400
v -0.240352 0.679250 0.192400
v -0.119133 0.681361 0.084500
v -0.240352 0.679250 0.192400
v -0.222678 0.629146 0.084500
v -0.025023 0.737431 0.084500
v -0.099712 0.760705 0.192400
v -0.175968 0.727476 0.192400
v -0.025023 0.737431 0.084500
v -0.175968 0.727476 0.192400
v -0.119133 0.681361 0.084500
v 0.007588 0.820000 0.084500
v -0.073876 0.820000 0.192400
v -0.099712 0.760705 0.192400
v 0.007588 0.820000 0.084500
v -0.099712 0.760705 0.192400
v -0.025023 0.737431 0.084500
v -0.126314 0.871006 0.192400
v -0.240894 0.835302 0.258800
v -0.225163 0.820000 0.258800
v -0.126314 0.871006 0.192400
v -0.225163 0.820000 0.258800
v -0.073876 0.820000 0.192400
v -0.153012 0.931150 0.192400
v -0.248904 0.853345 0.258800
v -0.240894 0.835302 0.258800
v -0.153012 0.931150 0.192400
v -0.240894 0.835302 0.258800
v -0.126314 0.871006 0.192400
v -0.243998 0.950413 0.192400
v -0.276199 0.859124 0.258800
v -0.248904 0.853345 0.258800
v -0.243998 0.950413 0.192400
v -0.248904 0.853345 0.258800
v -0.153012 0.931150 0.192400
v -0.331140 0.936631 0.192400
v -0.302342 0.854989 0.258800
v -0.276199 0.859124 0.258800
v -0.331140 0.936631 0.192400
v -0.276199 0.859124 0.258800
v -0.243998 0.950413 0.192400
v -0.430352 0.933880 0.192400
v -0.332106 0.854164 0.258800
v -0.302342 0.854989 0.258800
v -0.430352 0.933880 0.192400
v -0.302342 0.854989 0.258800
v -0.331140 0.936631 0.192400
v -0.467307 0.875250 0.192400
v -0.343192 0.836575 0.258800
v -0.332106 0.854164 0.258800
v -0.467307 0.875250 0.192400
v -0.332106 0.854164 0.258800
v -0.430352 0.933880 0.192400
v -0.481876 0.820000 0.192400
v -0.347563 0.820000 0.258800
v -0.343192 0.836575 0.258800
v -0.481876 0.820000 0.192400
v -0.343192 0.836575 0.258800
v -0.467307 0.875250 0.192400
v -0.493909 0.756460 0.192400
v -0.351173 0.800938 0.258800
v -0.347563 0.820000 0.258800
v -0.493909 0.756460 0.192400
v -0.347563 0.820000 0.258800
v -0.481876 0.820000 0.192400
v -0.407396 0.724746 0.192400
v -0.325219 0.791424 0.258800
v -0.351173 0.800938 0.258800
v -0.407396 0.724746 0.192400
v -0.351173 0.800938 0.258800
v -0.493909 0.756460 0.192400
v -0.334787 0.693032 0.192400
v -0.303436 0.781910 0.258800
v -0.325219 0.791424 0.258800
v -0.334787 0.693032 0.192400
v -0.325219 0.791424 0.258800
v -0.407396 0.724746 0.192400
v -0.240352 0.679250 0.192400
v -0.275106 0.777775 0.258800
v -0.303436 0.781910 0.258800
v -0.240352 0.679250 0.192400
v -0.303436 0.781910 0.258800
v -0.334787 0.693032 0.192400
v -0.175968 0.727476 0.192400
v -0.255790 0.792243 0.258800
v -0.275106 0.777775 0.258800
v -0.175968 0.727476 0.192400
v -0.275106 0.777775 0.258800
v -0.240352 0.679250 0.192400
v -0.099712 0.760705 0.192400
v -0.232914 0.802211 0.258800
v -0.255790 0.792243 0.258800
v -0.099712 0.760705 0.192400
v -0.255790 0.792243 0.258800
v -0.175968 0.727476 0.192400
v -0.073876 0.820000 0.192400
v -0.225163 0.820000 0.258800
v -0.232914 0.802211 0.258800
v -0.073876 0.820000 0.192400
v -0.232914 0.802211 0.258800
v -0.099712 0.760705 0.192400
v -0.240894 0.835302 0.258800
v -0.249079 0.832751 0.283700
v -0.235969 0.820000 0.283700
v -0.240894 0.835302 0.258800
v -0.235969 0.820000 0.283700
v -0.225163 0.820000 0.258800
v -0.248904 0.853345 0.258800
v -0.255753 0.847787 0.283700
v -0.249079 0.832751 0.283700
v -0.248904 0.853345 0.258800
v -0.249079 0.832751 0.283700
v -0.240894 0.835302 0.258800
v -0.276199 0.859124 0.258800
v -0.278500 0.852603 0.283700
v -0.255753 0.847787 0.283700
v -0.276199 0.859124 0.258800
v -0.255753 0.847787 0.283700
v -0.248904 0.853345 0.258800
v -0.302342 0.854989 0.258800
v -0.300285 0.849158 0.283700
v -0.278500 0.852603 0.283700
v -0.302342 0.854989 0.258800
v -0.278500 0.852603 0.283700
v -0.276199 0.859124 0.258800
v -0.332106 0.854164 0.258800
v -0.325088 0.848470 0.283700
v -0.300285 0.849158 0.283700
v -0.332106 0.854164 0.258800
v -0.300285 0.849158 0.283700
v -0.302342 0.854989 0.258800
v -0.343192 0.836575 0.258800
v -0.334327 0.833813 0.283700
v -0.325088 0.848470 0.283700
v -0.343192 0.836575 0.258800
v -0.325088 0.848470 0.283700
v -0.332106 0.854164 0.258800
v -0.347563 0.820000 0.258800
v -0.337969 0.820000 0.283700
v -0.334327 0.833813 0.283700
v -0.347563 0.820000 0.258800
v -0.334327 0.833813 0.283700
v -0.343192 0.836575 0.258800
v -0.351173 0.800938 0.258800
v -0.340977 0.804115 0.283700
v -0.337969 0.820000 0.283700
v -0.351173 0.800938 0.258800
v -0.337969 0.820000 0.283700
v -0.347563 0.820000 0.258800
v -0.325219 0.791424 0.258800
v -0.319349 0.796187 0.283700
v -0.340977 0.804115 0.283700
v -0.325219 0.791424 0.258800
v -0.340977 0.804115 0.283700
v -0.351173 0.800938 0.258800
v -0.303436 0.781910 0.258800
v -0.301197 0.788258 0.283700
v -0.319349 0.796187 0.283700
v -0.303436 0.781910 0.258800
v -0.319349 0.796187 0.283700
v -0.325219 0.791424 0.258800
v -0.275106 0.777775 0.258800
v -0.277588 0.784813 0.283700
v -0.301197 0.788258 0.283700
v -0.275106 0.777775 0.258800
v -0.301197 0.788258 0.283700
v -0.303436 0.781910 0.258800
v -0.255790 0.792243 0.258800
v -0.261492 0.796869 0.283700
v -0.277588 0.784813 0.283700
v -0.255790 0.792243 0.258800
v -0.277588 0.784813 0.283700
v -0.275106 0.777775 0.258800
v -0.232914 0.802211 0.258800
v -0.242428 0.805176 0.283700
v -0.261492 0.796869 0.283700
v -0.232914 0.802211 0.258800
v -0.261492 0.796869 0.283700
v -0.255790 0.792243 0.258800
v -0.225163 0.820000 0.258800
v -0.235969 0.820000 0.283700
v -0.242428 0.805176 0.283700
v -0.225163 0.820000 0.258800
v -0.242428 0.805176 0.283700
v -0.232914 0.802211 0.258800
v -0.249079 0.832751 0.283700
v -0.210885 0.844653 0.325200
v -0.185540 0.820000 0.325200
v -0.249079 0.832751 0.283700
v -0.185540 0.820000 0.325200
v -0.235969 0.820000 0.283700
v -0.255753 0.847787 0.283700
v -0.223789 0.873722 0.325200
v -0.210885 0.844653 0.325200
v -0.255753 0.847787 0.283700
v -0.210885 0.844653 0.325200
v -0.249079 0.832751 0.283700
v -0.278500 0.852603 0.283700
v -0.267766 0.883033 0.325200
v -0.223789 0.873722 0.325200
v -0.278500 0.852603 0.283700
v -0.223789 0.873722 0.325200
v -0.255753 0.847787 0.283700
v -0.300285 0.849158 0.283700
v -0.309885 0.876372 0.325200
v -0.267766 0.883033 0.325200
v -0.300285 0.849158 0.283700
v -0.267766 0.883033 0.325200
v -0.278500 0.852603 0.283700
v -0.325088 0.848470 0.283700
v -0.357837 0.875042 0.325200
v -0.309885 0.876372 0.325200
v -0.325088 0.848470 0.283700
v -0.309885 0.876372 0.325200
v -0.300285 0.849158 0.283700
v -0.334327 0.833813 0.283700
v -0.375699 0.846704 0.325200
v -0.357837 0.875042 0.325200
v -0.334327 0.833813 0.283700
v -0.357837 0.875042 0.325200
v -0.325088 0.848470 0.283700
v -0.337969 0.820000 0.283700
v -0.382740 0.820000 0.325200
v -0.375699 0.846704 0.325200
v -0.337969 0.820000 0.283700
v -0.375699 0.846704 0.325200
v -0.334327 0.833813 0.283700
v -0.340977 0.804115 0.283700
v -0.388556 0.789289 0.325200
v -0.382740 0.820000 0.325200
v -0.340977 0.804115 0.283700
v -0.382740 0.820000 0.325200
v -0.337969 0.820000 0.283700
v -0.319349 0.796187 0.283700
v -0.346741 0.773961 0.325200
v -0.388556 0.789289 0.325200
v -0.319349 0.796187 0.283700
v -0.388556 0.789289 0.325200
v -0.340977 0.804115 0.283700
v -0.301197 0.788258 0.283700
v -0.311647 0.758632 0.325200
v -0.346741 0.773961 0.325200
v -0.301197 0.788258 0.283700
v -0.346741 0.773961 0.325200
v -0.319349 0.796187 0.283700
v -0.277588 0.784813 0.283700
v -0.266003 0.751971 0.325200
v -0.311647 0.758632 0.325200
v -0.277588 0.784813 0.283700
v -0.311647 0.758632 0.325200
v -0.301197 0.788258 0.283700
v -0.261492 0.796869 0.283700
v -0.234885 0.775280 0.325200
v -0.266003 0.751971 0.325200
v -0.261492 0.796869 0.283700
v -0.266003 0.751971 0.325200
v -0.277588 0.784813 0.283700
v -0.242428 0.805176 0.283700
v -0.198028 0.791341 0.325200
v -0.234885 0.775280 0.325200
v -0.242428 0.805176 0.283700
v -0.234885 0.775280 0.325200
v -0.261492 0.796869 0.283700
v -0.235969 0.820000 0.283700
v -0.185540 0.820000 0.325200
v -0.198028 0.791341 0.325200
v -0.235969 0.820000 0.283700
v -0.198028 0.791341 0.325200
v -0.242428 0.805176 0.283700
v -0.210885 0.844653 0.325200
v -0.227254 0.839552 0.375000
v -0.207152 0.820000 0.375000
v -0.210885 0.844653 0.325200
v -0.207152 0.820000 0.375000
v -0.185540 0.820000 0.325200
v -0.223789 0.873722 0.325200
v -0.237488 0.862607 0.375000
v -0.227254 0.839552 0.375000
v -0.223789 0.873722 0.325200
v -0.227254 0.839552 0.375000
v -0.210885 0.844653 0.325200
v -0.267766 0.883033 0.325200
v -0.272366 0.869992 0.375000
v -0.237488 0.862607 0.375000
v -0.267766 0.883033 0.325200
v -0.237488 0.862607 0.375000
v -0.223789 0.873722 0.325200
v -0.309885 0.876372 0.325200
v -0.305771 0.864709 0.375000
v -0.272366 0.869992 0.375000
v -0.309885 0.876372 0.325200
v -0.272366 0.869992 0.375000
v -0.267766 0.883033 0.325200
v -0.357837 0.875042 0.325200
v -0.343802 0.863654 0.375000
v -0.305771 0.864709 0.375000
v -0.357837 0.875042 0.325200
v -0.305771 0.864709 0.375000
v -0.309885 0.876372 0.325200
v -0.375699 0.846704 0.325200
v -0.357968 0.841179 0.375000
v -0.343802 0.863654 0.375000
v -0.375699 0.846704 0.325200
v -0.343802 0.863654 0.375000
v -0.357837 0.875042 0.325200
v -0.382740 0.820000 0.325200
v -0.363552 0.820000 0.375000
v -0.357968 0.841179 0.375000
v -0.382740 0.820000 0.325200
v -0.357968 0.841179 0.375000
v -0.375699 0.846704 0.325200
v -0.388556 0.789289 0.325200
v -0.368165 0.795643 0.375000
v -0.363552 0.820000 0.375000
v -0.388556 0.789289 0.325200
v -0.363552 0.820000 0.375000
v -0.382740 0.820000 0.325200
v -0.346741 0.773961 0.325200
v -0.335002 0.783486 0.375000
v -0.368165 0.795643 0.375000
v -0.346741 0.773961 0.325200
v -0.368165 0.795643 0.375000
v -0.388556 0.789289 0.325200
v -0.311647 0.758632 0.325200
v -0.307168 0.771329 0.375000
v -0.335002 0.783486 0.375000
v -0.311647 0.758632 0.325200
v -0.335002 0.783486 0.375000
v -0.346741 0.773961 0.325200
v -0.266003 0.751971 0.325200
v -0.270968 0.766046 0.375000
v -0.307168 0.771329 0.375000
v -0.266003 0.751971 0.325200
v -0.307168 0.771329 0.375000
v -0.311647 0.758632 0.325200
v -0.234885 0.775280 0.325200
v -0.246288 0.784533 0.375000
v -0.270968 0.766046 0.375000
v -0.234885 0.775280 0.325200
v -0.270968 0.766046 0.375000
v -0.266003 0.751971 0.325200
v -0.198028 0.791341 0.325200
v -0.217056 0.797270 0.375000
v -0.246288 0.784533 0.375000
v -0.198028 0.791341 0.325200
v -0.246288 0.784533 0.375000
v -0.234885 0.775280 0.325200
v -0.185540 0.820000 0.325200
v -0.207152 0.820000 0.375000
v -0.217056 0.797270 0.375000
v -0.185540 0.820000 0.325200
v -0.217056 0.797270 0.375000
v -0.198028 0.791341 0.325200
v 0.462337 0.190000 0.050000
v 0.453027 0.190000 0.091465
v 0.432093 0.190000 0.130745
v 0.462337 0.190000 0.050000
v 0.432093 0.190000 0.130745
v 0.390138 0.190000 0.141500
v 0.462337 0.190000 0.050000
v 0.390138 0.190000 0.141500
v 0.348994 0.190000 0.145440
v 0.462337 0.190000 0.050000
v 0.348994 0.190000 0.145440
v 0.308508 0.190000 0.129965
v 0.462337 0.190000 0.050000
v 0.308508 0.190000 0.129965
v 0.289403 0.190000 0.090251
v 0.462337 0.190000 0.050000
v 0.289403 0.190000 0.090251
v 0.273337 0.190000 0.050000
v 0.462337 0.190000 0.050000
v 0.273337 0.190000 0.050000
v 0.282744 0.190000 0.006424
v 0.462337 0.190000 0.050000
v 0.282744 0.190000 0.006424
v 0.314253 0.190000 -0.022493
v 0.462337 0.190000 0.050000
v 0.314253 0.190000 -0.022493
v 0.348082 0.190000 -0.049586
v 0.462337 0.190000 0.050000
v 0.348082 0.190000 -0.049586
v 0.391051 0.190000 -0.045646
v 0.462337 0.190000 0.050000
v 0.391051 0.190000 -0.045646
v 0.426347 0.190000 -0.023274
v 0.462337 0.190000 0.050000
v 0.426347 0.190000 -0.023274
v 0.459686 0.190000 0.005210
v 0.457889 1.020000 0.105773
v 0.468172 1.020000 0.076555
v 0.474257 1.020000 0.050000
v 0.427649 1.020000 0.107471
v 0.457889 1.020000 0.105773
v 0.474257 1.020000 0.050000
v 0.401211 1.020000 0.112650
v 0.427649 1.020000 0.107471
v 0.474257 1.020000 0.050000
v 0.372900 1.020000 0.104747
v 0.401211 1.020000 0.112650
v 0.474257 1.020000 0.050000
v 0.365022 1.020000 0.074960
v 0.372900 1.020000 0.104747
v 0.474257 1.020000 0.050000
v 0.350057 1.020000 0.050000
v 0.365022 1.020000 0.074960
v 0.474257 1.020000 0.050000
v 0.356271 1.020000 0.020670
v 0.350057 1.020000 0.050000
v 0.474257 1.020000 0.050000
v 0.380451 1.020000 0.005073
v 0.356271 1.020000 0.020670
v 0.474257 1.020000 0.050000
v 0.400012 1.020000 -0.018100
v 0.380451 1.020000 0.005073
v 0.474257 1.020000 0.050000
v 0.428848 1.020000 -0.012921
v 0.400012 1.020000 -0.018100
v 0.474257 1.020000 0.050000
v 0.450337 1.020000 0.004047
v 0.428848 1.020000 -0.012921
v 0.474257 1.020000 0.050000
v 0.476922 1.020000 0.019075
v 0.450337 1.020000 0.004047
v 0.474257 1.020000 0.050000
v 0.462337 0.190000 0.050000
v 0.554787 0.231500 0.050000
v 0.536167 0.231500 0.132930
v 0.462337 0.190000 0.050000
v 0.536167 0.231500 0.132930
v 0.453027 0.190000 0.091465
v 0.453027 0.190000 0.091465
v 0.536167 0.231500 0.132930
v 0.494298 0.231500 0.211491
v 0.453027 0.190000 0.091465
v 0.494298 0.231500 0.211491
v 0.432093 0.190000 0.130745
v 0.432093 0.190000 0.130745
v 0.494298 0.231500 0.211491
v 0.410389 0.231500 0.232999
v 0.432093 0.190000 0.130745
v 0.410389 0.231500 0.232999
v 0.390138 0.190000 0.141500
v 0.390138 0.190000 0.141500
v 0.410389 0.231500 0.232999
v 0.328101 0.231500 0.240880
v 0.390138 0.190000 0.141500
v 0.328101 0.231500 0.240880
v 0.348994 0.190000 0.145440
v 0.348994 0.190000 0.145440
v 0.328101 0.231500 0.240880
v 0.247128 0.231500 0.209930
v 0.348994 0.190000 0.145440
v 0.247128 0.231500 0.209930
v 0.308508 0.190000 0.129965
v 0.308508 0.190000 0.129965
v 0.247128 0.231500 0.209930
v 0.208918 0.231500 0.130502
v 0.308508 0.190000 0.129965
v 0.208918 0.231500 0.130502
v 0.289403 0.190000 0.090251
v 0.289403 0.190000 0.090251
v 0.208918 0.231500 0.130502
v 0.176787 0.231500 0.050000
v 0.289403 0.190000 0.090251
v 0.176787 0.231500 0.050000
v 0.273337 0.190000 0.050000
v 0.273337 0.190000 0.050000
v 0.176787 0.231500 0.050000
v 0.195601 0.231500 -0.037153
v 0.273337 0.190000 0.050000
v 0.195601 0.231500 -0.037153
v 0.282744 0.190000 0.006424
v 0.282744 0.190000 0.006424
v 0.195601 0.231500 -0.037153
v 0.258619 0.231500 -0.094987
v 0.282744 0.190000 0.006424
v 0.258619 0.231500 -0.094987
v 0.314253 0.190000 -0.022493
v 0.314253 0.190000 -0.022493
v 0.258619 0.231500 -0.094987
v 0.326276 0.231500 -0.149173
v 0.314253 0.190000 -0.022493
v 0.326276 0.231500 -0.149173
v 0.348082 0.190000 -0.049586
v 0.348082 0.190000 -0.049586
v 0.326276 0.231500 -0.149173
v 0.412214 0.231500 -0.141292
v 0.348082 0.190000 -0.049586
v 0.412214 0.231500 -0.141292
v 0.391051 0.190000 -0.045646
v 0.391051 0.190000 -0.045646
v 0.412214 0.231500 -0.141292
v 0.482807 0.231500 -0.096548
v 0.391051 0.190000 -0.045646
v 0.482807 0.231500 -0.096548
v 0.426347 0.190000 -0.023274
v 0.426347 0.190000 -0.023274
v 0.482807 0.231500 -0.096548
v 0.549484 0.231500 -0.039580
v 0.426347 0.190000 -0.023274
v 0.549484 0.231500 -0.039580
v 0.459686 0.190000 0.005210
v 0.459686 0.190000 0.005210
v 0.549484 0.231500 -0.039580
v 0.554787 0.231500 0.050000
v 0.459686 0.190000 0.005210
v 0.554787 0.231500 0.050000
v 0.462337 0.190000 0.050000
v 0.554787 0.231500 0.050000
v 0.610958 0.306200 0.050000
v 0.586753 0.306200 0.157809
v 0.554787 0.231500 0.050000
v 0.586753 0.306200 0.157809
v 0.536167 0.231500 0.132930
v 0.536167 0.231500 0.132930
v 0.586753 0.306200 0.157809
v 0.532323 0.306200 0.259938
v 0.536167 0.231500 0.132930
v 0.532323 0.306200 0.259938
v 0.494298 0.231500 0.211491
v 0.494298 0.231500 0.211491
v 0.532323 0.306200 0.259938
v 0.423242 0.306200 0.287899
v 0.494298 0.231500 0.211491
v 0.423242 0.306200 0.287899
v 0.410389 0.231500 0.232999
v 0.410389 0.231500 0.232999
v 0.423242 0.306200 0.287899
v 0.316268 0.306200 0.298144
v 0.410389 0.231500 0.232999
v 0.316268 0.306200 0.298144
v 0.328101 0.231500 0.240880
v 0.328101 0.231500 0.240880
v 0.316268 0.306200 0.298144
v 0.211002 0.306200 0.257909
v 0.328101 0.231500 0.240880
v 0.211002 0.306200 0.257909
v 0.247128 0.231500 0.209930
v 0.247128 0.231500 0.209930
v 0.211002 0.306200 0.257909
v 0.161329 0.306200 0.154653
v 0.247128 0.231500 0.209930
v 0.161329 0.306200 0.154653
v 0.208918 0.231500 0.130502
v 0.208918 0.231500 0.130502
v 0.161329 0.306200 0.154653
v 0.119558 0.306200 0.050000
v 0.208918 0.231500 0.130502
v 0.119558 0.306200 0.050000
v 0.176787 0.231500 0.050000
v 0.176787 0.231500 0.050000
v 0.119558 0.306200 0.050000
v 0.144017 0.306200 -0.063299
v 0.176787 0.231500 0.050000
v 0.144017 0.306200 -0.063299
v 0.195601 0.231500 -0.037153
v 0.195601 0.231500 -0.037153
v 0.144017 0.306200 -0.063299
v 0.225940 0.306200 -0.138483
v 0.195601 0.231500 -0.037153
v 0.225940 0.306200 -0.138483
v 0.258619 0.231500 -0.094987
v 0.258619 0.231500 -0.094987
v 0.225940 0.306200 -0.138483
v 0.313895 0.306200 -0.208925
v 0.258619 0.231500 -0.094987
v 0.313895 0.306200 -0.208925
v 0.326276 0.231500 -0.149173
v 0.326276 0.231500 -0.149173
v 0.313895 0.306200 -0.208925
v 0.425614 0.306200 -0.198679
v 0.326276 0.231500 -0.149173
v 0.425614 0.306200 -0.198679
v 0.412214 0.231500 -0.141292
v 0.412214 0.231500 -0.141292
v 0.425614 0.306200 -0.198679
v 0.517384 0.306200 -0.140512
v 0.412214 0.231500 -0.141292
v 0.517384 0.306200 -0.140512
v 0.482807 0.231500 -0.096548
v 0.482807 0.231500 -0.096548
v 0.517384 0.306200 -0.140512
v 0.604065 0.306200 -0.066454
v 0.482807 0.231500 -0.096548
v 0.604065 0.306200 -0.066454
v 0.549484 0.231500 -0.039580
v 0.549484 0.231500 -0.039580
v 0.604065 0.306200 -0.066454
v 0.610958 0.306200 0.050000
v 0.549484 0.231500 -0.039580
v 0.610958 0.306200 0.050000
v 0.554787 0.231500 0.050000
v 0.610958 0.306200 0.050000
v 0.637870 0.439000 0.050000
v 0.611271 0.439000 0.168471
v 0.610958 0.306200 0.050000
v 0.611271 0.439000 0.168471
v 0.586753 0.306200 0.157809
v 0.586753 0.306200 0.157809
v 0.611271 0.439000 0.168471
v 0.551458 0.439000 0.280701
v 0.586753 0.306200 0.157809
v 0.551458 0.439000 0.280701
v 0.532323 0.306200 0.259938
v 0.532323 0.306200 0.259938
v 0.551458 0.439000 0.280701
v 0.431588 0.439000 0.311427
v 0.532323 0.306200 0.259938
v 0.431588 0.439000 0.311427
v 0.423242 0.306200 0.287899
v 0.423242 0.306200 0.287899
v 0.431588 0.439000 0.311427
v 0.314034 0.439000 0.322686
v 0.423242 0.306200 0.287899
v 0.314034 0.439000 0.322686
v 0.316268 0.306200 0.298144
v 0.316268 0.306200 0.298144
v 0.314034 0.439000 0.322686
v 0.198357 0.439000 0.278472
v 0.316268 0.306200 0.298144
v 0.198357 0.439000 0.278472
v 0.211002 0.306200 0.257909
v 0.211002 0.306200 0.257909
v 0.198357 0.439000 0.278472
v 0.143772 0.439000 0.165004
v 0.211002 0.306200 0.257909
v 0.143772 0.439000 0.165004
v 0.161329 0.306200 0.154653
v 0.161329 0.306200 0.154653
v 0.143772 0.439000 0.165004
v 0.097870 0.439000 0.050000
v 0.161329 0.306200 0.154653
v 0.097870 0.439000 0.050000
v 0.119558 0.306200 0.050000
v 0.119558 0.306200 0.050000
v 0.097870 0.439000 0.050000
v 0.124748 0.439000 -0.074504
v 0.119558 0.306200 0.050000
v 0.124748 0.439000 -0.074504
v 0.144017 0.306200 -0.063299
v 0.144017 0.306200 -0.063299
v 0.124748 0.439000 -0.074504
v 0.214773 0.439000 -0.157124
v 0.144017 0.306200 -0.063299
v 0.214773 0.439000 -0.157124
v 0.225940 0.306200 -0.138483
v 0.225940 0.306200 -0.138483
v 0.214773 0.439000 -0.157124
v 0.311427 0.439000 -0.234532
v 0.225940 0.306200 -0.138483
v 0.311427 0.439000 -0.234532
v 0.313895 0.306200 -0.208925
v 0.313895 0.306200 -0.208925
v 0.311427 0.439000 -0.234532
v 0.434195 0.439000 -0.223274
v 0.313895 0.306200 -0.208925
v 0.434195 0.439000 -0.223274
v 0.425614 0.306200 -0.198679
v 0.425614 0.306200 -0.198679
v 0.434195 0.439000 -0.223274
v 0.535042 0.439000 -0.159354
v 0.425614 0.306200 -0.198679
v 0.535042 0.439000 -0.159354
v 0.517384 0.306200 -0.140512
v 0.517384 0.306200 -0.140512
v 0.535042 0.439000 -0.159354
v 0.630295 0.439000 -0.077971
v 0.517384 0.306200 -0.140512
v 0.630295 0.439000 -0.077971
v 0.604065 0.306200 -0.066454
v 0.604065 0.306200 -0.066454
v 0.630295 0.439000 -0.077971
v 0.637870 0.439000 0.050000
v 0.604065 0.306200 -0.066454
v 0.637870 0.439000 0.050000
v 0.610958 0.306200 0.050000
v 0.637870 0.439000 0.050000
v 0.638912 0.588400 0.050000
v 0.612845 0.588400 0.166101
v 0.637870 0.439000 0.050000
v 0.612845 0.588400 0.166101
v 0.611271 0.439000 0.168471
v 0.611271 0.439000 0.168471
v 0.612845 0.588400 0.166101
v 0.554227 0.588400 0.276087
v 0.611271 0.439000 0.168471
v 0.554227 0.588400 0.276087
v 0.551458 0.439000 0.280701
v 0.551458 0.439000 0.280701
v 0.554227 0.588400 0.276087
v 0.436755 0.588400 0.306199
v 0.551458 0.439000 0.280701
v 0.436755 0.588400 0.306199
v 0.431588 0.439000 0.311427
v 0.431588 0.439000 0.311427
v 0.436755 0.588400 0.306199
v 0.321552 0.588400 0.317232
v 0.431588 0.439000 0.311427
v 0.321552 0.588400 0.317232
v 0.314034 0.439000 0.322686
v 0.314034 0.439000 0.322686
v 0.321552 0.588400 0.317232
v 0.208189 0.588400 0.273902
v 0.314034 0.439000 0.322686
v 0.208189 0.588400 0.273902
v 0.198357 0.439000 0.278472
v 0.198357 0.439000 0.278472
v 0.208189 0.588400 0.273902
v 0.154695 0.588400 0.162703
v 0.198357 0.439000 0.278472
v 0.154695 0.588400 0.162703
v 0.143772 0.439000 0.165004
v 0.143772 0.439000 0.165004
v 0.154695 0.588400 0.162703
v 0.109712 0.588400 0.050000
v 0.143772 0.439000 0.165004
v 0.109712 0.588400 0.050000
v 0.097870 0.439000 0.050000
v 0.097870 0.439000 0.050000
v 0.109712 0.588400 0.050000
v 0.136052 0.588400 -0.072014
v 0.097870 0.439000 0.050000
v 0.136052 0.588400 -0.072014
v 0.124748 0.439000 -0.074504
v 0.124748 0.439000 -0.074504
v 0.136052 0.588400 -0.072014
v 0.224277 0.588400 -0.152982
v 0.124748 0.439000 -0.074504
v 0.224277 0.588400 -0.152982
v 0.214773 0.439000 -0.157124
v 0.214773 0.439000 -0.157124
v 0.224277 0.588400 -0.152982
v 0.318997 0.588400 -0.228842
v 0.214773 0.439000 -0.157124
v 0.318997 0.588400 -0.228842
v 0.311427 0.439000 -0.234532
v 0.311427 0.439000 -0.234532
v 0.318997 0.588400 -0.228842
v 0.439310 0.588400 -0.217809
v 0.311427 0.439000 -0.234532
v 0.439310 0.588400 -0.217809
v 0.434195 0.439000 -0.223274
v 0.434195 0.439000 -0.223274
v 0.439310 0.588400 -0.217809
v 0.538140 0.588400 -0.155167
v 0.434195 0.439000 -0.223274
v 0.538140 0.588400 -0.155167
v 0.535042 0.439000 -0.159354
v 0.535042 0.439000 -0.159354
v 0.538140 0.588400 -0.155167
v 0.631488 0.588400 -0.075412
v 0.535042 0.439000 -0.159354
v 0.631488 0.588400 -0.075412
v 0.630295 0.439000 -0.077971
v 0.630295 0.439000 -0.077971
v 0.631488 0.588400 -0.075412
v 0.638912 0.588400 0.050000
v 0.630295 0.439000 -0.077971
v 0.638912 0.588400 0.050000
v 0.637870 0.439000 0.050000
v 0.638912 0.588400 0.050000
v 0.613260 0.729500 0.050000
v 0.590651 0.729500 0.150700
v 0.638912 0.588400 0.050000
v 0.590651 0.729500 0.150700
v 0.612845 0.588400 0.166101
v 0.612845 0.588400 0.166101
v 0.590651 0.729500 0.150700
v 0.539809 0.729500 0.246096
v 0.612845 0.588400 0.166101
v 0.539809 0.729500 0.246096
v 0.554227 0.588400 0.276087
v 0.554227 0.588400 0.276087
v 0.539809 0.729500 0.246096
v 0.437920 0.729500 0.272213
v 0.554227 0.588400 0.276087
v 0.437920 0.729500 0.272213
v 0.436755 0.588400 0.306199
v 0.436755 0.588400 0.306199
v 0.437920 0.729500 0.272213
v 0.337999 0.729500 0.281783
v 0.436755 0.588400 0.306199
v 0.337999 0.729500 0.281783
v 0.321552 0.588400 0.317232
v 0.321552 0.588400 0.317232
v 0.337999 0.729500 0.281783
v 0.239674 0.729500 0.244201
v 0.321552 0.588400 0.317232
v 0.239674 0.729500 0.244201
v 0.208189 0.588400 0.273902
v 0.208189 0.588400 0.273902
v 0.239674 0.729500 0.244201
v 0.193276 0.729500 0.147753
v 0.208189 0.588400 0.273902
v 0.193276 0.729500 0.147753
v 0.154695 0.588400 0.162703
v 0.154695 0.588400 0.162703
v 0.193276 0.729500 0.147753
v 0.154260 0.729500 0.050000
v 0.154695 0.588400 0.162703
v 0.154260 0.729500 0.050000
v 0.109712 0.588400 0.050000
v 0.109712 0.588400 0.050000
v 0.154260 0.729500 0.050000
v 0.177106 0.729500 -0.055828
v 0.109712 0.588400 0.050000
v 0.177106 0.729500 -0.055828
v 0.136052 0.588400 -0.072014
v 0.136052 0.588400 -0.072014
v 0.177106 0.729500 -0.055828
v 0.253627 0.729500 -0.126056
v 0.136052 0.588400 -0.072014
v 0.253627 0.729500 -0.126056
v 0.224277 0.588400 -0.152982
v 0.224277 0.588400 -0.152982
v 0.253627 0.729500 -0.126056
v 0.335783 0.729500 -0.191853
v 0.224277 0.588400 -0.152982
v 0.335783 0.729500 -0.191853
v 0.318997 0.588400 -0.228842
v 0.318997 0.588400 -0.228842
v 0.335783 0.729500 -0.191853
v 0.440136 0.729500 -0.182283
v 0.318997 0.588400 -0.228842
v 0.440136 0.729500 -0.182283
v 0.439310 0.588400 -0.217809
v 0.439310 0.588400 -0.217809
v 0.440136 0.729500 -0.182283
v 0.525855 0.729500 -0.127951
v 0.439310 0.588400 -0.217809
v 0.525855 0.729500 -0.127951
v 0.538140 0.588400 -0.155167
v 0.538140 0.588400 -0.155167
v 0.525855 0.729500 -0.127951
v 0.606820 0.729500 -0.058776
v 0.538140 0.588400 -0.155167
v 0.606820 0.729500 -0.058776
v 0.631488 0.588400 -0.075412
v 0.631488 0.588400 -0.075412
v 0.606820 0.729500 -0.058776
v 0.613260 0.729500 0.050000
v 0.631488 0.588400 -0.075412
v 0.613260 0.729500 0.050000
v 0.638912 0.588400 0.050000
v 0.613260 0.729500 0.050000
v 0.551962 0.837400 0.050000
v 0.536087 0.837400 0.119273
v 0.613260 0.729500 0.050000
v 0.536087 0.837400 0.119273
v 0.590651 0.729500 0.150700
v 0.590651 0.729500 0.150700
v 0.536087 0.837400 0.119273
v 0.509262 0.837400 0.195494
v 0.590651 0.729500 0.150700
v 0.509262 0.837400 0.195494
v 0.539809 0.729500 0.246096
v 0.539809 0.729500 0.246096
v 0.509262 0.837400 0.195494
v 0.430375 0.837400 0.199925
v 0.539809 0.729500 0.246096
v 0.430375 0.837400 0.199925
v 0.437920 0.729500 0.272213
v 0.437920 0.729500 0.272213
v 0.430375 0.837400 0.199925
v 0.361407 0.837400 0.213435
v 0.437920 0.729500 0.272213
v 0.361407 0.837400 0.213435
v 0.337999 0.729500 0.281783
v 0.337999 0.729500 0.281783
v 0.361407 0.837400 0.213435
v 0.287552 0.837400 0.192818
v 0.337999 0.729500 0.281783
v 0.287552 0.837400 0.192818
v 0.239674 0.729500 0.244201
v 0.239674 0.729500 0.244201
v 0.287552 0.837400 0.192818
v 0.267001 0.837400 0.115112
v 0.239674 0.729500 0.244201
v 0.267001 0.837400 0.115112
v 0.193276 0.729500 0.147753
v 0.193276 0.729500 0.147753
v 0.267001 0.837400 0.115112
v 0.227962 0.837400 0.050000
v 0.193276 0.729500 0.147753
v 0.227962 0.837400 0.050000
v 0.154260 0.729500 0.050000
v 0.154260 0.729500 0.050000
v 0.227962 0.837400 0.050000
v 0.244173 0.837400 -0.026512
v 0.154260 0.729500 0.050000
v 0.244173 0.837400 -0.026512
v 0.177106 0.729500 -0.055828
v 0.177106 0.729500 -0.055828
v 0.244173 0.837400 -0.026512
v 0.307251 0.837400 -0.067201
v 0.177106 0.729500 -0.055828
v 0.307251 0.837400 -0.067201
v 0.253627 0.729500 -0.126056
v 0.253627 0.729500 -0.126056
v 0.307251 0.837400 -0.067201
v 0.358278 0.837400 -0.127651
v 0.253627 0.729500 -0.126056
v 0.358278 0.837400 -0.127651
v 0.335783 0.729500 -0.191853
v 0.335783 0.729500 -0.191853
v 0.358278 0.837400 -0.127651
v 0.433504 0.837400 -0.114141
v 0.335783 0.729500 -0.191853
v 0.433504 0.837400 -0.114141
v 0.440136 0.729500 -0.182283
v 0.440136 0.729500 -0.182283
v 0.433504 0.837400 -0.114141
v 0.489563 0.837400 -0.069877
v 0.440136 0.729500 -0.182283
v 0.489563 0.837400 -0.069877
v 0.525855 0.729500 -0.127951
v 0.525855 0.729500 -0.127951
v 0.489563 0.837400 -0.069877
v 0.558915 0.837400 -0.030673
v 0.525855 0.729500 -0.127951
v 0.558915 0.837400 -0.030673
v 0.606820 0.729500 -0.058776
v 0.606820 0.729500 -0.058776
v 0.558915 0.837400 -0.030673
v 0.551962 0.837400 0.050000
v 0.606820 0.729500 -0.058776
v 0.551962 0.837400 0.050000
v 0.613260 0.729500 0.050000
v 0.551962 0.837400 0.050000
v 0.449657 0.903800 0.050000
v 0.444895 0.903800 0.070782
v 0.551962 0.837400 0.050000
v 0.444895 0.903800 0.070782
v 0.536087 0.837400 0.119273
v 0.536087 0.837400 0.119273
v 0.444895 0.903800 0.070782
v 0.436847 0.903800 0.093648
v 0.536087 0.837400 0.119273
v 0.436847 0.903800 0.093648
v 0.509262 0.837400 0.195494
v 0.509262 0.837400 0.195494
v 0.436847 0.903800 0.093648
v 0.413181 0.903800 0.094977
v 0.509262 0.837400 0.195494
v 0.413181 0.903800 0.094977
v 0.430375 0.837400 0.199925
v 0.430375 0.837400 0.199925
v 0.413181 0.903800 0.094977
v 0.392491 0.903800 0.099030
v 0.430375 0.837400 0.199925
v 0.392491 0.903800 0.099030
v 0.361407 0.837400 0.213435
v 0.361407 0.837400 0.213435
v 0.392491 0.903800 0.099030
v 0.370334 0.903800 0.092845
v 0.361407 0.837400 0.213435
v 0.370334 0.903800 0.092845
v 0.287552 0.837400 0.192818
v 0.287552 0.837400 0.192818
v 0.370334 0.903800 0.092845
v 0.364169 0.903800 0.069534
v 0.287552 0.837400 0.192818
v 0.364169 0.903800 0.069534
v 0.267001 0.837400 0.115112
v 0.267001 0.837400 0.115112
v 0.364169 0.903800 0.069534
v 0.352457 0.903800 0.050000
v 0.267001 0.837400 0.115112
v 0.352457 0.903800 0.050000
v 0.227962 0.837400 0.050000
v 0.227962 0.837400 0.050000
v 0.352457 0.903800 0.050000
v 0.357320 0.903800 0.027046
v 0.227962 0.837400 0.050000
v 0.357320 0.903800 0.027046
v 0.244173 0.837400 -0.026512
v 0.244173 0.837400 -0.026512
v 0.357320 0.903800 0.027046
v 0.376244 0.903800 0.014840
v 0.244173 0.837400 -0.026512
v 0.376244 0.903800 0.014840
v 0.307251 0.837400 -0.067201
v 0.307251 0.837400 -0.067201
v 0.376244 0.903800 0.014840
v 0.391552 0.903800 -0.003295
v 0.307251 0.837400 -0.067201
v 0.391552 0.903800 -0.003295
v 0.358278 0.837400 -0.127651
v 0.358278 0.837400 -0.127651
v 0.391552 0.903800 -0.003295
v 0.414120 0.903800 0.000758
v 0.358278 0.837400 -0.127651
v 0.414120 0.903800 0.000758
v 0.433504 0.837400 -0.114141
v 0.433504 0.837400 -0.114141
v 0.414120 0.903800 0.000758
v 0.430937 0.903800 0.014037
v 0.433504 0.837400 -0.114141
v 0.430937 0.903800 0.014037
v 0.489563 0.837400 -0.069877
v 0.489563 0.837400 -0.069877
v 0.430937 0.903800 0.014037
v 0.451743 0.903800 0.025798
v 0.489563 0.837400 -0.069877
v 0.451743 0.903800 0.025798
v 0.558915 0.837400 -0.030673
v 0.558915 0.837400 -0.030673
v 0.451743 0.903800 0.025798
v 0.449657 0.903800 0.050000
v 0.558915 0.837400 -0.030673
v 0.449657 0.903800 0.050000
v 0.551962 0.837400 0.050000
v 0.449657 0.903800 0.050000
v 0.444291 0.928700 0.050000
v 0.440322 0.928700 0.067318
v 0.449657 0.903800 0.050000
v 0.440322 0.928700 0.067318
v 0.444895 0.903800 0.070782
v 0.444895 0.903800 0.070782
v 0.440322 0.928700 0.067318
v 0.433615 0.928700 0.086373
v 0.444895 0.903800 0.070782
v 0.433615 0.928700 0.086373
v 0.436847 0.903800 0.093648
v 0.436847 0.903800 0.093648
v 0.433615 0.928700 0.086373
v 0.413894 0.928700 0.087481
v 0.436847 0.903800 0.093648
v 0.413894 0.928700 0.087481
v 0.413181 0.903800 0.094977
v 0.413181 0.903800 0.094977
v 0.413894 0.928700 0.087481
v 0.396652 0.928700 0.090859
v 0.413181 0.903800 0.094977
v 0.396652 0.928700 0.090859
v 0.392491 0.903800 0.099030
v 0.392491 0.903800 0.099030
v 0.396652 0.928700 0.090859
v 0.378188 0.928700 0.085705
v 0.392491 0.903800 0.099030
v 0.378188 0.928700 0.085705
v 0.370334 0.903800 0.092845
v 0.370334 0.903800 0.092845
v 0.378188 0.928700 0.085705
v 0.373050 0.928700 0.066278
v 0.370334 0.903800 0.092845
v 0.373050 0.928700 0.066278
v 0.364169 0.903800 0.069534
v 0.364169 0.903800 0.069534
v 0.373050 0.928700 0.066278
v 0.363291 0.928700 0.050000
v 0.364169 0.903800 0.069534
v 0.363291 0.928700 0.050000
v 0.352457 0.903800 0.050000
v 0.352457 0.903800 0.050000
v 0.363291 0.928700 0.050000
v 0.367343 0.928700 0.030872
v 0.352457 0.903800 0.050000
v 0.367343 0.928700 0.030872
v 0.357320 0.903800 0.027046
v 0.357320 0.903800 0.027046
v 0.367343 0.928700 0.030872
v 0.383113 0.928700 0.020700
v 0.357320 0.903800 0.027046
v 0.383113 0.928700 0.020700
v 0.376244 0.903800 0.014840
v 0.376244 0.903800 0.014840
v 0.383113 0.928700 0.020700
v 0.395870 0.928700 0.005587
v 0.376244 0.903800 0.014840
v 0.395870 0.928700 0.005587
v 0.391552 0.903800 -0.003295
v 0.391552 0.903800 -0.003295
v 0.395870 0.928700 0.005587
v 0.414676 0.928700 0.008965
v 0.391552 0.903800 -0.003295
v 0.414676 0.928700 0.008965
v 0.414120 0.903800 0.000758
v 0.414120 0.903800 0.000758
v 0.414676 0.928700 0.008965
v 0.428691 0.928700 0.020031
v 0.414120 0.903800 0.000758
v 0.428691 0.928700 0.020031
v 0.430937 0.903800 0.014037
v 0.430937 0.903800 0.014037
v 0.428691 0.928700 0.020031
v 0.446029 0.928700 0.029832
v 0.430937 0.903800 0.014037
v 0.446029 0.928700 0.029832
v 0.451743 0.903800 0.025798
v 0.451743 0.903800 0.025798
v 0.446029 0.928700 0.029832
v 0.444291 0.928700 0.050000
v 0.451743 0.903800 0.025798
v 0.444291 0.928700 0.050000
v 0.449657 0.903800 0.050000
v 0.444291 0.928700 0.050000
v 0.484478 0.970200 0.050000
v 0.476805 0.970200 0.083482
v 0.444291 0.928700 0.050000
v 0.476805 0.970200 0.083482
v 0.440322 0.928700 0.067318
v 0.440322 0.928700 0.067318
v 0.476805 0.970200 0.083482
v 0.463839 0.970200 0.120322
v 0.440322 0.928700 0.067318
v 0.463839 0.970200 0.120322
v 0.433615 0.928700 0.086373
v 0.433615 0.928700 0.086373
v 0.463839 0.970200 0.120322
v 0.425711 0.970200 0.122464
v 0.433615 0.928700 0.086373
v 0.425711 0.970200 0.122464
v 0.413894 0.928700 0.087481
v 0.413894 0.928700 0.087481
v 0.425711 0.970200 0.122464
v 0.392376 0.970200 0.128994
v 0.413894 0.928700 0.087481
v 0.392376 0.970200 0.128994
v 0.396652 0.928700 0.090859
v 0.396652 0.928700 0.090859
v 0.392376 0.970200 0.128994
v 0.356679 0.970200 0.119029
v 0.396652 0.928700 0.090859
v 0.356679 0.970200 0.119029
v 0.378188 0.928700 0.085705
v 0.378188 0.928700 0.085705
v 0.356679 0.970200 0.119029
v 0.346746 0.970200 0.081471
v 0.378188 0.928700 0.085705
v 0.346746 0.970200 0.081471
v 0.373050 0.928700 0.066278
v 0.373050 0.928700 0.066278
v 0.346746 0.970200 0.081471
v 0.327878 0.970200 0.050000
v 0.373050 0.928700 0.066278
v 0.327878 0.970200 0.050000
v 0.363291 0.928700 0.050000
v 0.363291 0.928700 0.050000
v 0.327878 0.970200 0.050000
v 0.335713 0.970200 0.013019
v 0.363291 0.928700 0.050000
v 0.335713 0.970200 0.013019
v 0.367343 0.928700 0.030872
v 0.367343 0.928700 0.030872
v 0.335713 0.970200 0.013019
v 0.366201 0.970200 -0.006647
v 0.367343 0.928700 0.030872
v 0.366201 0.970200 -0.006647
v 0.383113 0.928700 0.020700
v 0.383113 0.928700 0.020700
v 0.366201 0.970200 -0.006647
v 0.390864 0.970200 -0.035865
v 0.383113 0.928700 0.020700
v 0.390864 0.970200 -0.035865
v 0.395870 0.928700 0.005587
v 0.395870 0.928700 0.005587
v 0.390864 0.970200 -0.035865
v 0.427223 0.970200 -0.029335
v 0.395870 0.928700 0.005587
v 0.427223 0.970200 -0.029335
v 0.414676 0.928700 0.008965
v 0.414676 0.928700 0.008965
v 0.427223 0.970200 -0.029335
v 0.454318 0.970200 -0.007941
v 0.414676 0.928700 0.008965
v 0.454318 0.970200 -0.007941
v 0.428691 0.928700 0.020031
v 0.428691 0.928700 0.020031
v 0.454318 0.970200 -0.007941
v 0.487838 0.970200 0.011008
v 0.428691 0.928700 0.020031
v 0.487838 0.970200 0.011008
v 0.446029 0.928700 0.029832
v 0.446029 0.928700 0.029832
v 0.487838 0.970200 0.011008
v 0.484478 0.970200 0.050000
v 0.446029 0.928700 0.029832
v 0.484478 0.970200 0.050000
v 0.444291 0.928700 0.050000
v 0.484478 0.970200 0.050000
v 0.474257 1.020000 0.050000
v 0.468172 1.020000 0.076555
v 0.484478 0.970200 0.050000
v 0.468172 1.020000 0.076555
v 0.476805 0.970200 0.083482
v 0.476805 0.970200 0.083482
v 0.468172 1.020000 0.076555
v 0.457889 1.020000 0.105773
v 0.476805 0.970200 0.083482
v 0.457889 1.020000 0.105773
v 0.463839 0.970200 0.120322
v 0.463839 0.970200 0.120322
v 0.457889 1.020000 0.105773
v 0.427649 1.020000 0.107471
v 0.463839 0.970200 0.120322
v 0.427649 1.020000 0.107471
v 0.425711 0.970200 0.122464
v 0.425711 0.970200 0.122464
v 0.427649 1.020000 0.107471
v 0.401211 1.020000 0.112650
v 0.425711 0.970200 0.122464
v 0.401211 1.020000 0.112650
v 0.392376 0.970200 0.128994
v 0.392376 0.970200 0.128994
v 0.401211 1.020000 0.112650
v 0.372900 1.020000 0.104747
v 0.392376 0.970200 0.128994
v 0.372900 1.020000 0.104747
v 0.356679 0.970200 0.119029
v 0.356679 0.970200 0.119029
v 0.372900 1.020000 0.104747
v 0.365022 1.020000 0.074960
v 0.356679 0.970200 0.119029
v 0.365022 1.020000 0.074960
v 0.346746 0.970200 0.081471
v 0.346746 0.970200 0.081471
v 0.365022 1.020000 0.074960
v 0.350057 1.020000 0.050000
v 0.346746 0.970200 0.081471
v 0.350057 1.020000 0.050000
v 0.327878 0.970200 0.050000
v 0.327878 0.970200 0.050000
v 0.350057 1.020000 0.050000
v 0.356271 1.020000 0.020670
v 0.327878 0.970200 0.050000
v 0.356271 1.020000 0.020670
v 0.335713 0.970200 0.013019
v 0.335713 0.970200 0.013019
v 0.356271 1.020000 0.020670
v 0.380451 1.020000 0.005073
v 0.335713 0.970200 0.013019
v 0.380451 1.020000 0.005073
v 0.366201 0.970200 -0.006647
v 0.366201 0.970200 -0.006647
v 0.380451 1.020000 0.005073
v 0.400012 1.020000 -0.018100
v 0.366201 0.970200 -0.006647
v 0.400012 1.020000 -0.018100
v 0.390864 0.970200 -0.035865
v 0.390864 0.970200 -0.035865
v 0.400012 1.020000 -0.018100
v 0.428848 1.020000 -0.012921
v 0.390864 0.970200 -0.035865
v 0.428848 1.020000 -0.012921
v 0.427223 0.970200 -0.029335
v 0.427223 0.970200 -0.029335
v 0.428848 1.020000 -0.012921
v 0.450337 1.020000 0.004047
v 0.427223 0.970200 -0.029335
v 0.450337 1.020000 0.004047
v 0.454318 0.970200 -0.007941
v 0.454318 0.970200 -0.007941
v 0.450337 1.020000 0.004047
v 0.476922 1.020000 0.019075
v 0.454318 0.970200 -0.007941
v 0.476922 1.020000 0.019075
v 0.487838 0.970200 0.011008
v 0.487838 0.970200 0.011008
v 0.476922 1.020000 0.019075
v 0.474257 1.020000 0.050000
v 0.487838 0.970200 0.011008
v 0.474257 1.020000 0.050000
v 0.484478 0.970200 0.050000
vt 0.050000 0.550000
vt 0.396667 0.550000
vt 0.396667 0.950000
vt 0.050000 0.550000
vt 0.396667 0.950000
vt 0.050000 0.950000
vt 0.396667 0.550000
vt 0.396667 0.950000
vt 0.050000 0.950000
vt 0.396667 0.550000
vt 0.050000 0.950000
vt 0.050000 0.550000
vt 0.099524 0.550000
vt 0.099524 0.950000
vt 0.050000 0.950000
vt 0.099524 0.550000
vt 0.050000 0.950000
vt 0.050000 0.550000
vt 0.050000 0.550000
vt 0.099524 0.550000
vt 0.099524 0.950000
vt 0.050000 0.550000
vt 0.099524 0.950000
vt 0.050000 0.950000
vt 0.050000 0.550000
vt 0.107143 0.550000
vt 0.107143 0.950000
vt 0.050000 0.550000
vt 0.107143 0.950000
vt 0.050000 0.950000
vt 0.107143 0.550000
vt 0.107143 0.950000
vt 0.050000 0.950000
vt 0.107143 0.550000
vt 0.050000 0.950000
vt 0.050000 0.550000
vt 0.050000 0.550000
vt 0.396667 0.550000
vt 0.396667 0.950000
vt 0.050000 0.550000
vt 0.396667 0.950000
vt 0.050000 0.950000
vt 0.396667 0.550000
vt 0.396667 0.950000
vt 0.050000 0.950000
vt 0.396667 0.550000
vt 0.050000 0.950000
vt 0.050000 0.550000
vt 0.099524 0.550000
vt 0.099524 0.950000
vt 0.050000 0.950000
vt 0.099524 0.550000
vt 0.050000 0.950000
vt 0.050000 0.550000
vt 0.050000 0.550000
vt 0.099524 0.550000
vt 0.099524 0.950000
vt 0.050000 0.550000
vt 0.099524 0.950000
vt 0.050000 0.950000
vt 0.050000 0.550000
vt 0.107143 0.550000
vt 0.107143 0.950000
vt 0.050000 0.550000
vt 0.107143 0.950000
vt 0.050000 0.950000
vt 0.107143 0.550000
vt 0.107143 0.950000
vt 0.050000 0.950000
vt 0.107143 0.550000
vt 0.050000 0.950000
vt 0.050000 0.550000
vt 0.050000 0.550000
vt 0.070000 0.550000
vt 0.070000 0.950000
vt 0.050000 0.550000
vt 0.070000 0.950000
vt 0.050000 0.950000
vt 0.070000 0.550000
vt 0.070000 0.950000
vt 0.050000 0.950000
vt 0.070000 0.550000
vt 0.050000 0.950000
vt 0.050000 0.550000
vt 0.193590 0.550000
vt 0.193590 0.950000
vt 0.050000 0.950000
vt 0.193590 0.550000
vt 0.050000 0.950000
vt 0.050000 0.550000
vt 0.050000 0.550000
vt 0.193590 0.550000
vt 0.193590 0.950000
vt 0.050000 0.550000
vt 0.193590 0.950000
vt 0.050000 0.950000
vt 0.105714 0.550000
vt 0.105714 0.950000
vt 0.050000 0.950000
vt 0.105714 0.550000
vt 0.050000 0.950000
vt 0.050000 0.550000
vt 0.050000 0.550000
vt 0.105714 0.550000
vt 0.105714 0.950000
vt 0.050000 0.550000
vt 0.105714 0.950000
vt 0.050000 0.950000
vt 0.050000 0.550000
vt 0.070000 0.550000
vt 0.070000 0.950000
vt 0.050000 0.550000
vt 0.070000 0.950000
vt 0.050000 0.950000
vt 0.070000 0.550000
vt 0.070000 0.950000
vt 0.050000 0.950000
vt 0.070000 0.550000
vt 0.050000 0.950000
vt 0.050000 0.550000
vt 0.193590 0.550000
vt 0.193590 0.950000
vt 0.050000 0.950000
vt 0.193590 0.550000
vt 0.050000 0.950000
vt 0.050000 0.550000
vt 0.050000 0.550000
vt 0.193590 0.550000
vt 0.193590 0.950000
vt 0.050000 0.550000
vt 0.193590 0.950000
vt 0.050000 0.950000
vt 0.105714 0.550000
vt 0.105714 0.950000
vt 0.050000 0.950000
vt 0.105714 0.550000
vt 0.050000 0.950000
vt 0.050000 0.550000
vt 0.050000 0.550000
vt 0.105714 0.550000
vt 0.105714 0.950000
vt 0.050000 0.550000
vt 0.105714 0.950000
vt 0.050000 0.950000
vt 0.050000 0.550000
vt 0.070000 0.550000
vt 0.070000 0.950000
vt 0.050000 0.550000
vt 0.070000 0.950000
vt 0.050000 0.950000
vt 0.070000 0.550000
vt 0.070000 0.950000
vt 0.050000 0.950000
vt 0.070000 0.550000
vt 0.050000 0.950000
vt 0.050000 0.550000
vt 0.193590 0.550000
vt 0.193590 0.950000
vt 0.050000 0.950000
vt 0.193590 0.550000
vt 0.050000 0.950000
vt 0.050000 0.550000
vt 0.050000 0.550000
vt 0.193590 0.550000
vt 0.193590 0.950000
vt 0.050000 0.550000
vt 0.193590 0.950000
vt 0.050000 0.950000
vt 0.105714 0.550000
vt 0.105714 0.950000
vt 0.050000 0.950000
vt 0.105714 0.550000
vt 0.050000 0.950000
vt 0.050000 0.550000
vt 0.050000 0.550000
vt 0.105714 0.550000
vt 0.105714 0.950000
vt 0.050000 0.550000
vt 0.105714 0.950000
vt 0.050000 0.950000
vt 0.050000 0.550000
vt 0.070000 0.550000
vt 0.070000 0.950000
vt 0.050000 0.550000
vt 0.070000 0.950000
vt 0.050000 0.950000
vt 0.070000 0.550000
vt 0.070000 0.950000
vt 0.050000 0.950000
vt 0.070000 0.550000
vt 0.050000 0.950000
vt 0.050000 0.550000
vt 0.193590 0.550000
vt 0.193590 0.950000
vt 0.050000 0.950000
vt 0.193590 0.550000
vt 0.050000 0.950000
vt 0.050000 0.550000
vt 0.050000 0.550000
vt 0.193590 0.550000
vt 0.193590 0.950000
vt 0.050000 0.550000
vt 0.193590 0.950000
vt 0.050000 0.950000
vt 0.105714 0.550000
vt 0.105714 0.950000
vt 0.050000 0.950000
vt 0.105714 0.550000
vt 0.050000 0.950000
vt 0.050000 0.550000
vt 0.050000 0.550000
vt 0.105714 0.550000
vt 0.105714 0.950000
vt 0.050000 0.550000
vt 0.105714 0.950000
vt 0.050000 0.950000
vt 0.050000 0.550000
vt 0.070000 0.550000
vt 0.070000 0.950000
vt 0.050000 0.550000
vt 0.070000 0.950000
vt 0.050000 0.950000
vt 0.070000 0.550000
vt 0.070000 0.950000
vt 0.050000 0.950000
vt 0.070000 0.550000
vt 0.050000 0.950000
vt 0.050000 0.550000
vt 0.193590 0.550000
vt 0.193590 0.950000
vt 0.050000 0.950000
vt 0.193590 0.550000
vt 0.050000 0.950000
vt 0.050000 0.550000
vt 0.050000 0.550000
vt 0.193590 0.550000
vt 0.193590 0.950000
vt 0.050000 0.550000
vt 0.193590 0.950000
vt 0.050000 0.950000
vt 0.105714 0.550000
vt 0.105714 0.950000
vt 0.050000 0.950000
vt 0.105714 0.550000
vt 0.050000 0.950000
vt 0.050000 0.550000
vt 0.050000 0.550000
vt 0.105714 0.550000
vt 0.105714 0.950000
vt 0.050000 0.550000
vt 0.105714 0.950000
vt 0.050000 0.950000
vt 0.574039 0.450000
vt 0.550000 0.246225
vt 0.574039 0.050000
vt 0.593159 0.450000
vt 0.550000 0.299165
vt 0.593159 0.050000
vt 0.621179 0.450000
vt 0.550000 0.343664
vt 0.621179 0.050000
vt 0.597286 0.450000
vt 0.550000 0.365036
vt 0.597286 0.050000
vt 0.603146 0.450000
vt 0.550000 0.397342
vt 0.603146 0.050000
vt 0.550000 0.056035
vt 0.608474 0.050000
vt 0.608474 0.450000
vt 0.608474 0.450000
vt 0.550000 0.443965
vt 0.608474 0.050000
vt 0.550000 0.102658
vt 0.603146 0.050000
vt 0.603146 0.450000
vt 0.550000 0.134964
vt 0.597286 0.050000
vt 0.597286 0.450000
vt 0.550000 0.156336
vt 0.621179 0.050000
vt 0.621179 0.450000
vt 0.550000 0.200835
vt 0.593159 0.050000
vt 0.593159 0.450000
vt 0.550000 0.253775
vt 0.574039 0.050000
vt 0.574039 0.450000
vt 0.551973 0.450000
vt 0.550000 0.236078
vt 0.551973 0.050000
vt 0.575843 0.450000
vt 0.550000 0.197054
vt 0.575843 0.050000
vt 0.632573 0.450000
vt 0.550000 0.149474
vt 0.632573 0.050000
vt 0.588327 0.450000
vt 0.550000 0.138715
vt 0.588327 0.050000
vt 0.600870 0.450000
vt 0.550000 0.105050
vt 0.600870 0.050000
vt 0.605533 0.050000
vt 0.605533 0.450000
vt 0.550000 0.427796
vt 0.605533 0.450000
vt 0.550000 0.072204
vt 0.605533 0.050000
vt 0.600870 0.050000
vt 0.600870 0.450000
vt 0.550000 0.394950
vt 0.588327 0.050000
vt 0.588327 0.450000
vt 0.550000 0.361285
vt 0.632573 0.050000
vt 0.632573 0.450000
vt 0.550000 0.350526
vt 0.575843 0.050000
vt 0.575843 0.450000
vt 0.550000 0.302946
vt 0.551973 0.050000
vt 0.551973 0.450000
vt 0.550000 0.263922
vt 0.578571 0.050000
vt 0.578571 0.070000
vt 0.550000 0.070000
vt 0.578571 0.050000
vt 0.550000 0.070000
vt 0.550000 0.050000
vt 0.607143 0.050000
vt 0.607143 0.070000
vt 0.578571 0.070000
vt 0.607143 0.050000
vt 0.578571 0.070000
vt 0.578571 0.050000
vt 0.635714 0.050000
vt 0.635714 0.070000
vt 0.607143 0.070000
vt 0.635714 0.050000
vt 0.607143 0.070000
vt 0.607143 0.050000
vt 0.664286 0.050000
vt 0.664286 0.070000
vt 0.635714 0.070000
vt 0.664286 0.050000
vt 0.635714 0.070000
vt 0.635714 0.050000
vt 0.692857 0.050000
vt 0.692857 0.070000
vt 0.664286 0.070000
vt 0.692857 0.050000
vt 0.664286 0.070000
vt 0.664286 0.050000
vt 0.721429 0.050000
vt 0.721429 0.070000
vt 0.692857 0.070000
vt 0.721429 0.050000
vt 0.692857 0.070000
vt 0.692857 0.050000
vt 0.750000 0.050000
vt 0.750000 0.070000
vt 0.721429 0.070000
vt 0.750000 0.050000
vt 0.721429 0.070000
vt 0.721429 0.050000
vt 0.778571 0.050000
vt 0.778571 0.070000
vt 0.750000 0.070000
vt 0.778571 0.050000
vt 0.750000 0.070000
vt 0.750000 0.050000
vt 0.807143 0.050000
vt 0.807143 0.070000
vt 0.778571 0.070000
vt 0.807143 0.050000
vt 0.778571 0.070000
vt 0.778571 0.050000
vt 0.835714 0.050000
vt 0.835714 0.070000
vt 0.807143 0.070000
vt 0.835714 0.050000
vt 0.807143 0.070000
vt 0.807143 0.050000
vt 0.864286 0.050000
vt 0.864286 0.070000
vt 0.835714 0.070000
vt 0.864286 0.050000
vt 0.835714 0.070000
vt 0.835714 0.050000
vt 0.892857 0.050000
vt 0.892857 0.070000
vt 0.864286 0.070000
vt 0.892857 0.050000
vt 0.864286 0.070000
vt 0.864286 0.050000
vt 0.921429 0.050000
vt 0.921429 0.070000
vt 0.892857 0.070000
vt 0.921429 0.050000
vt 0.892857 0.070000
vt 0.892857 0.050000
vt 0.950000 0.050000
vt 0.950000 0.070000
vt 0.921429 0.070000
vt 0.950000 0.050000
vt 0.921429 0.070000
vt 0.921429 0.050000
vt 0.578571 0.070000
vt 0.578571 0.106000
vt 0.550000 0.106000
vt 0.578571 0.070000
vt 0.550000 0.106000
vt 0.550000 0.070000
vt 0.607143 0.070000
vt 0.607143 0.106000
vt 0.578571 0.106000
vt 0.607143 0.070000
vt 0.578571 0.106000
vt 0.578571 0.070000
vt 0.635714 0.070000
vt 0.635714 0.106000
vt 0.607143 0.106000
vt 0.635714 0.070000
vt 0.607143 0.106000
vt 0.607143 0.070000
vt 0.664286 0.070000
vt 0.664286 0.106000
vt 0.635714 0.106000
vt 0.664286 0.070000
vt 0.635714 0.106000
vt 0.635714 0.070000
vt 0.692857 0.070000
vt 0.692857 0.106000
vt 0.664286 0.106000
vt 0.692857 0.070000
vt 0.664286 0.106000
vt 0.664286 0.070000
vt 0.721429 0.070000
vt 0.721429 0.106000
vt 0.692857 0.106000
vt 0.721429 0.070000
vt 0.692857 0.106000
vt 0.692857 0.070000
vt 0.750000 0.070000
vt 0.750000 0.106000
vt 0.721429 0.106000
vt 0.750000 0.070000
vt 0.721429 0.106000
vt 0.721429 0.070000
vt 0.778571 0.070000
vt 0.778571 0.106000
vt 0.750000 0.106000
vt 0.778571 0.070000
vt 0.750000 0.106000
vt 0.750000 0.070000
vt 0.807143 0.070000
vt 0.807143 0.106000
vt 0.778571 0.106000
vt 0.807143 0.070000
vt 0.778571 0.106000
vt 0.778571 0.070000
vt 0.835714 0.070000
vt 0.835714 0.106000
vt 0.807143 0.106000
vt 0.835714 0.070000
vt 0.807143 0.106000
vt 0.807143 0.070000
vt 0.864286 0.070000
vt 0.864286 0.106000
vt 0.835714 0.106000
vt 0.864286 0.070000
vt 0.835714 0.106000
vt 0.835714 0.070000
vt 0.892857 0.070000
vt 0.892857 0.106000
vt 0.864286 0.106000
vt 0.892857 0.070000
vt 0.864286 0.106000
vt 0.864286 0.070000
vt 0.921429 0.070000
vt 0.921429 0.106000
vt 0.892857 0.106000
vt 0.921429 0.070000
vt 0.892857 0.106000
vt 0.892857 0.070000
vt 0.950000 0.070000
vt 0.950000 0.106000
vt 0.921429 0.106000
vt 0.950000 0.070000
vt 0.921429 0.106000
vt 0.921429 0.070000
vt 0.578571 0.106000
vt 0.578571 0.170000
vt 0.550000 0.170000
vt 0.578571 0.106000
vt 0.550000 0.170000
vt 0.550000 0.106000
vt 0.607143 0.106000
vt 0.607143 0.170000
vt 0.578571 0.170000
vt 0.607143 0.106000
vt 0.578571 0.170000
vt 0.578571 0.106000
vt 0.635714 0.106000
vt 0.635714 0.170000
vt 0.607143 0.170000
vt 0.635714 0.106000
vt 0.607143 0.170000
vt 0.607143 0.106000
vt 0.664286 0.106000
vt 0.664286 0.170000
vt 0.635714 0.170000
vt 0.664286 0.106000
vt 0.635714 0.170000
vt 0.635714 0.106000
vt 0.692857 0.106000
vt 0.692857 0.170000
vt 0.664286 0.170000
vt 0.692857 0.106000
vt 0.664286 0.170000
vt 0.664286 0.106000
vt 0.721429 0.106000
vt 0.721429 0.170000
vt 0.692857 0.170000
vt 0.721429 0.106000
vt 0.692857 0.170000
vt 0.692857 0.106000
vt 0.750000 0.106000
vt 0.750000 0.170000
vt 0.721429 0.170000
vt 0.750000 0.106000
vt 0.721429 0.170000
vt 0.721429 0.106000
vt 0.778571 0.106000
vt 0.778571 0.170000
vt 0.750000 0.170000
vt 0.778571 0.106000
vt 0.750000 0.170000
vt 0.750000 0.106000
vt 0.807143 0.106000
vt 0.807143 0.170000
vt 0.778571 0.170000
vt 0.807143 0.106000
vt 0.778571 0.170000
vt 0.778571 0.106000
vt 0.835714 0.106000
vt 0.835714 0.170000
vt 0.807143 0.170000
vt 0.835714 0.106000
vt 0.807143 0.170000
vt 0.807143 0.106000
vt 0.864286 0.106000
vt 0.864286 0.170000
vt 0.835714 0.170000
vt 0.864286 0.106000
vt 0.835714 0.170000
vt 0.835714 0.106000
vt 0.892857 0.106000
vt 0.892857 0.170000
vt 0.864286 0.170000
vt 0.892857 0.106000
vt 0.864286 0.170000
vt 0.864286 0.106000
vt 0.921429 0.106000
vt 0.921429 0.170000
vt 0.892857 0.170000
vt 0.921429 0.106000
vt 0.892857 0.170000
vt 0.892857 0.106000
vt 0.950000 0.106000
vt 0.950000 0.170000
vt 0.921429 0.170000
vt 0.950000 0.106000
vt 0.921429 0.170000
vt 0.921429 0.106000
vt 0.578571 0.170000
vt 0.578571 0.242000
vt 0.550000 0.242000
vt 0.578571 0.170000
vt 0.550000 0.242000
vt 0.550000 0.170000
vt 0.607143 0.170000
vt 0.607143 0.242000
vt 0.578571 0.242000
vt 0.607143 0.170000
vt 0.578571 0.242000
vt 0.578571 0.170000
vt 0.635714 0.170000
vt 0.635714 0.242000
vt 0.607143 0.242000
vt 0.635714 0.170000
vt 0.607143 0.242000
vt 0.607143 0.170000
vt 0.664286 0.170000
vt 0.664286 0.242000
vt 0.635714 0.242000
vt 0.664286 0.170000
vt 0.635714 0.242000
vt 0.635714 0.170000
vt 0.692857 0.170000
vt 0.692857 0.242000
vt 0.664286 0.242000
vt 0.692857 0.170000
vt 0.664286 0.242000
vt 0.664286 0.170000
vt 0.721429 0.170000
vt 0.721429 0.242000
vt 0.692857 0.242000
vt 0.721429 0.170000
vt 0.692857 0.242000
vt 0.692857 0.170000
vt 0.750000 0.170000
vt 0.750000 0.242000
vt 0.721429 0.242000
vt 0.750000 0.170000
vt 0.721429 0.242000
vt 0.721429 0.170000
vt 0.778571 0.170000
vt 0.778571 0.242000
vt 0.750000 0.242000
vt 0.778571 0.170000
vt 0.750000 0.242000
vt 0.750000 0.170000
vt 0.807143 0.170000
vt 0.807143 0.242000
vt 0.778571 0.242000
vt 0.807143 0.170000
vt 0.778571 0.242000
vt 0.778571 0.170000
vt 0.835714 0.170000
vt 0.835714 0.242000
vt 0.807143 0.242000
vt 0.835714 0.170000
vt 0.807143 0.242000
vt 0.807143 0.170000
vt 0.864286 0.170000
vt 0.864286 0.242000
vt 0.835714 0.242000
vt 0.864286 0.170000
vt 0.835714 0.242000
vt 0.835714 0.170000
vt 0.892857 0.170000
vt 0.892857 0.242000
vt 0.864286 0.242000
vt 0.892857 0.170000
vt 0.864286 0.242000
vt 0.864286 0.170000
vt 0.921429 0.170000
vt 0.921429 0.242000
vt 0.892857 0.242000
vt 0.921429 0.170000
vt 0.892857 0.242000
vt 0.892857 0.170000
vt 0.950000 0.170000
vt 0.950000 0.242000
vt 0.921429 0.242000
vt 0.950000 0.170000
vt 0.921429 0.242000
vt 0.921429 0.170000
vt 0.578571 0.242000
vt 0.578571 0.310000
vt 0.550000 0.310000
vt 0.578571 0.242000
vt 0.550000 0.310000
vt 0.550000 0.242000
vt 0.607143 0.242000
vt 0.607143 0.310000
vt 0.578571 0.310000
vt 0.607143 0.242000
vt 0.578571 0.310000
vt 0.578571 0.242000
vt 0.635714 0.242000
vt 0.635714 0.310000
vt 0.607143 0.310000
vt 0.635714 0.242000
vt 0.607143 0.310000
vt 0.607143 0.242000
vt 0.664286 0.242000
vt 0.664286 0.310000
vt 0.635714 0.310000
vt 0.664286 0.242000
vt 0.635714 0.310000
vt 0.635714 0.242000
vt 0.692857 0.242000
vt 0.692857 0.310000
vt 0.664286 0.310000
vt 0.692857 0.242000
vt 0.664286 0.310000
vt 0.664286 0.242000
vt 0.721429 0.242000
vt 0.721429 0.310000
vt 0.692857 0.310000
vt 0.721429 0.242000
vt 0.692857 0.310000
vt 0.692857 0.242000
vt 0.750000 0.242000
vt 0.750000 0.310000
vt 0.721429 0.310000
vt 0.750000 0.242000
vt 0.721429 0.310000
vt 0.721429 0.242000
vt 0.778571 0.242000
vt 0.778571 0.310000
vt 0.750000 0.310000
vt 0.778571 0.242000
vt 0.750000 0.310000
vt 0.750000 0.242000
vt 0.807143 0.242000
vt 0.807143 0.310000
vt 0.778571 0.310000
vt 0.807143 0.242000
vt 0.778571 0.310000
vt 0.778571 0.242000
vt 0.835714 0.242000
vt 0.835714 0.310000
vt 0.807143 0.310000
vt 0.835714 0.242000
vt 0.807143 0.310000
vt 0.807143 0.242000
vt 0.864286 0.242000
vt 0.864286 0.310000
vt 0.835714 0.310000
vt 0.864286 0.242000
vt 0.835714 0.310000
vt 0.835714 0.242000
vt 0.892857 0.242000
vt 0.892857 0.310000
vt 0.864286 0.310000
vt 0.892857 0.242000
vt 0.864286 0.310000
vt 0.864286 0.242000
vt 0.921429 0.242000
vt 0.921429 0.310000
vt 0.892857 0.310000
vt 0.921429 0.242000
vt 0.892857 0.310000
vt 0.892857 0.242000
vt 0.950000 0.242000
vt 0.950000 0.310000
vt 0.921429 0.310000
vt 0.950000 0.242000
vt 0.921429 0.310000
vt 0.921429 0.242000
vt 0.578571 0.310000
vt 0.578571 0.362000
vt 0.550000 0.362000
vt 0.578571 0.310000
vt 0.550000 0.362000
vt 0.550000 0.310000
vt 0.607143 0.310000
vt 0.607143 0.362000
vt 0.578571 0.362000
vt 0.607143 0.310000
vt 0.578571 0.362000
vt 0.578571 0.310000
vt 0.635714 0.310000
vt 0.635714 0.362000
vt 0.607143 0.362000
vt 0.635714 0.310000
vt 0.607143 0.362000
vt 0.607143 0.310000
vt 0.664286 0.310000
vt 0.664286 0.362000
vt 0.635714 0.362000
vt 0.664286 0.310000
vt 0.635714 0.362000
vt 0.635714 0.310000
vt 0.692857 0.310000
vt 0.692857 0.362000
vt 0.664286 0.362000
vt 0.692857 0.310000
vt 0.664286 0.362000
vt 0.664286 0.310000
vt 0.721429 0.310000
vt 0.721429 0.362000
vt 0.692857 0.362000
vt 0.721429 0.310000
vt 0.692857 0.362000
vt 0.692857 0.310000
vt 0.750000 0.310000
vt 0.750000 0.362000
vt 0.721429 0.362000
vt 0.750000 0.310000
vt 0.721429 0.362000
vt 0.721429 0.310000
vt 0.778571 0.310000
vt 0.778571 0.362000
vt 0.750000 0.362000
vt 0.778571 0.310000
vt 0.750000 0.362000
vt 0.750000 0.310000
vt 0.807143 0.310000
vt 0.807143 0.362000
vt 0.778571 0.362000
vt 0.807143 0.310000
vt 0.778571 0.362000
vt 0.778571 0.310000
vt 0.835714 0.310000
vt 0.835714 0.362000
vt 0.807143 0.362000
vt 0.835714 0.310000
vt 0.807143 0.362000
vt 0.807143 0.310000
vt 0.864286 0.310000
vt 0.864286 0.362000
vt 0.835714 0.362000
vt 0.864286 0.310000
vt 0.835714 0.362000
vt 0.835714 0.310000
vt 0.892857 0.310000
vt 0.892857 0.362000
vt 0.864286 0.362000
vt 0.892857 0.310000
vt 0.864286 0.362000
vt 0.864286 0.310000
vt 0.921429 0.310000
vt 0.921429 0.362000
vt 0.892857 0.362000
vt 0.921429 0.310000
vt 0.892857 0.362000
vt 0.892857 0.310000
vt 0.950000 0.310000
vt 0.950000 0.362000
vt 0.921429 0.362000
vt 0.950000 0.310000
vt 0.921429 0.362000
vt 0.921429 0.310000
vt 0.578571 0.362000
vt 0.578571 0.394000
vt 0.550000 0.394000
vt 0.578571 0.362000
vt 0.550000 0.394000
vt 0.550000 0.362000
vt 0.607143 0.362000
vt 0.607143 0.394000
vt 0.578571 0.394000
vt 0.607143 0.362000
vt 0.578571 0.394000
vt 0.578571 0.362000
vt 0.635714 0.362000
vt 0.635714 0.394000
vt 0.607143 0.394000
vt 0.635714 0.362000
vt 0.607143 0.394000
vt 0.607143 0.362000
vt 0.664286 0.362000
vt 0.664286 0.394000
vt 0.635714 0.394000
vt 0.664286 0.362000
vt 0.635714 0.394000
vt 0.635714 0.362000
vt 0.692857 0.362000
vt 0.692857 0.394000
vt 0.664286 0.394000
vt 0.692857 0.362000
vt 0.664286 0.394000
vt 0.664286 0.362000
vt 0.721429 0.362000
vt 0.721429 0.394000
vt 0.692857 0.394000
vt 0.721429 0.362000
vt 0.692857 0.394000
vt 0.692857 0.362000
vt 0.750000 0.362000
vt 0.750000 0.394000
vt 0.721429 0.394000
vt 0.750000 0.362000
vt 0.721429 0.394000
vt 0.721429 0.362000
vt 0.778571 0.362000
vt 0.778571 0.394000
vt 0.750000 0.394000
vt 0.778571 0.362000
vt 0.750000 0.394000
vt 0.750000 0.362000
vt 0.807143 0.362000
vt 0.807143 0.394000
vt 0.778571 0.394000
vt 0.807143 0.362000
vt 0.778571 0.394000
vt 0.778571 0.362000
vt 0.835714 0.362000
vt 0.835714 0.394000
vt 0.807143 0.394000
vt 0.835714 0.362000
vt 0.807143 0.394000
vt 0.807143 0.362000
vt 0.864286 0.362000
vt 0.864286 0.394000
vt 0.835714 0.394000
vt 0.864286 0.362000
vt 0.835714 0.394000
vt 0.835714 0.362000
vt 0.892857 0.362000
vt 0.892857 0.394000
vt 0.864286 0.394000
vt 0.892857 0.362000
vt 0.864286 0.394000
vt 0.864286 0.362000
vt 0.921429 0.362000
vt 0.921429 0.394000
vt 0.892857 0.394000
vt 0.921429 0.362000
vt 0.892857 0.394000
vt 0.892857 0.362000
vt 0.950000 0.362000
vt 0.950000 0.394000
vt 0.921429 0.394000
vt 0.950000 0.362000
vt 0.921429 0.394000
vt 0.921429 0.362000
vt 0.050000 0.867760
vt 0.094571 0.550000
vt 0.317423 0.618534
vt 0.050000 0.867760
vt 0.317423 0.618534
vt 0.317423 0.950000
vt 0.050000 0.907829
vt 0.095583 0.550000
vt 0.323500 0.585143
vt 0.050000 0.907829
vt 0.323500 0.585143
vt 0.323500 0.950000
vt 0.050000 0.910487
vt 0.108875 0.550000
vt 0.403249 0.582927
vt 0.050000 0.910487
vt 0.403249 0.582927
vt 0.403249 0.950000
vt 0.414694 0.950000
vt 0.050000 0.945044
vt 0.050000 0.611711
vt 0.414694 0.950000
vt 0.050000 0.611711
vt 0.414694 0.550000
vt 0.413815 0.950000
vt 0.050000 0.867428
vt 0.050000 0.550000
vt 0.413815 0.950000
vt 0.050000 0.550000
vt 0.413815 0.569087
vt 0.343901 0.550000
vt 0.343901 0.890960
vt 0.098984 0.950000
vt 0.343901 0.550000
vt 0.098984 0.950000
vt 0.050000 0.620848
vt 0.050000 0.900339
vt 0.091468 0.550000
vt 0.298808 0.591384
vt 0.050000 0.900339
vt 0.298808 0.591384
vt 0.298808 0.950000
vt 0.298808 0.550000
vt 0.298808 0.908616
vt 0.091468 0.950000
vt 0.298808 0.550000
vt 0.091468 0.950000
vt 0.050000 0.599661
vt 0.050000 0.879152
vt 0.098984 0.550000
vt 0.343901 0.609040
vt 0.050000 0.879152
vt 0.343901 0.609040
vt 0.343901 0.950000
vt 0.413815 0.930913
vt 0.050000 0.950000
vt 0.050000 0.632572
vt 0.413815 0.930913
vt 0.050000 0.632572
vt 0.413815 0.550000
vt 0.414694 0.950000
vt 0.050000 0.888289
vt 0.050000 0.554956
vt 0.414694 0.950000
vt 0.050000 0.554956
vt 0.414694 0.550000
vt 0.403249 0.550000
vt 0.403249 0.917073
vt 0.108875 0.950000
vt 0.403249 0.550000
vt 0.108875 0.950000
vt 0.050000 0.589513
vt 0.323500 0.550000
vt 0.323500 0.914857
vt 0.095583 0.950000
vt 0.323500 0.550000
vt 0.095583 0.950000
vt 0.050000 0.592171
vt 0.317423 0.550000
vt 0.317423 0.881466
vt 0.094571 0.950000
vt 0.317423 0.550000
vt 0.094571 0.950000
vt 0.050000 0.632240
vt 0.578571 0.406000
vt 0.578571 0.426000
vt 0.550000 0.426000
vt 0.578571 0.406000
vt 0.550000 0.426000
vt 0.550000 0.406000
vt 0.607143 0.406000
vt 0.607143 0.426000
vt 0.578571 0.426000
vt 0.607143 0.406000
vt 0.578571 0.426000
vt 0.578571 0.406000
vt 0.635714 0.406000
vt 0.635714 0.426000
vt 0.607143 0.426000
vt 0.635714 0.406000
vt 0.607143 0.426000
vt 0.607143 0.406000
vt 0.664286 0.406000
vt 0.664286 0.426000
vt 0.635714 0.426000
vt 0.664286 0.406000
vt 0.635714 0.426000
vt 0.635714 0.406000
vt 0.692857 0.406000
vt 0.692857 0.426000
vt 0.664286 0.426000
vt 0.692857 0.406000
vt 0.664286 0.426000
vt 0.664286 0.406000
vt 0.721429 0.406000
vt 0.721429 0.426000
vt 0.692857 0.426000
vt 0.721429 0.406000
vt 0.692857 0.426000
vt 0.692857 0.406000
vt 0.750000 0.406000
vt 0.750000 0.426000
vt 0.721429 0.426000
vt 0.750000 0.406000
vt 0.721429 0.426000
vt 0.721429 0.406000
vt 0.778571 0.406000
vt 0.778571 0.426000
vt 0.750000 0.426000
vt 0.778571 0.406000
vt 0.750000 0.426000
vt 0.750000 0.406000
vt 0.807143 0.406000
vt 0.807143 0.426000
vt 0.778571 0.426000
vt 0.807143 0.406000
vt 0.778571 0.426000
vt 0.778571 0.406000
vt 0.835714 0.406000
vt 0.835714 0.426000
vt 0.807143 0.426000
vt 0.835714 0.406000
vt 0.807143 0.426000
vt 0.807143 0.406000
vt 0.864286 0.406000
vt 0.864286 0.426000
vt 0.835714 0.426000
vt 0.864286 0.406000
vt 0.835714 0.426000
vt 0.835714 0.406000
vt 0.892857 0.406000
vt 0.892857 0.426000
vt 0.864286 0.426000
vt 0.892857 0.406000
vt 0.864286 0.426000
vt 0.864286 0.406000
vt 0.921429 0.406000
vt 0.921429 0.426000
vt 0.892857 0.426000
vt 0.921429 0.406000
vt 0.892857 0.426000
vt 0.892857 0.406000
vt 0.950000 0.406000
vt 0.950000 0.426000
vt 0.921429 0.426000
vt 0.950000 0.406000
vt 0.921429 0.426000
vt 0.921429 0.406000
vt 0.578571 0.426000
vt 0.578571 0.450000
vt 0.550000 0.450000
vt 0.578571 0.426000
vt 0.550000 0.450000
vt 0.550000 0.426000
vt 0.607143 0.426000
vt 0.607143 0.450000
vt 0.578571 0.450000
vt 0.607143 0.426000
vt 0.578571 0.450000
vt 0.578571 0.426000
vt 0.635714 0.426000
vt 0.635714 0.450000
vt 0.607143 0.450000
vt 0.635714 0.426000
vt 0.607143 0.450000
vt 0.607143 0.426000
vt 0.664286 0.426000
vt 0.664286 0.450000
vt 0.635714 0.450000
vt 0.664286 0.426000
vt 0.635714 0.450000
vt 0.635714 0.426000
vt 0.692857 0.426000
vt 0.692857 0.450000
vt 0.664286 0.450000
vt 0.692857 0.426000
vt 0.664286 0.450000
vt 0.664286 0.426000
vt 0.721429 0.426000
vt 0.721429 0.450000
vt 0.692857 0.450000
vt 0.721429 0.426000
vt 0.692857 0.450000
vt 0.692857 0.426000
vt 0.750000 0.426000
vt 0.750000 0.450000
vt 0.721429 0.450000
vt 0.750000 0.426000
vt 0.721429 0.450000
vt 0.721429 0.426000
vt 0.778571 0.426000
vt 0.778571 0.450000
vt 0.750000 0.450000
vt 0.778571 0.426000
vt 0.750000 0.450000
vt 0.750000 0.426000
vt 0.807143 0.426000
vt 0.807143 0.450000
vt 0.778571 0.450000
vt 0.807143 0.426000
vt 0.778571 0.450000
vt 0.778571 0.426000
vt 0.835714 0.426000
vt 0.835714 0.450000
vt 0.807143 0.450000
vt 0.835714 0.426000
vt 0.807143 0.450000
vt 0.807143 0.426000
vt 0.864286 0.426000
vt 0.864286 0.450000
vt 0.835714 0.450000
vt 0.864286 0.426000
vt 0.835714 0.450000
vt 0.835714 0.426000
vt 0.892857 0.426000
vt 0.892857 0.450000
vt 0.864286 0.450000
vt 0.892857 0.426000
vt 0.864286 0.450000
vt 0.864286 0.426000
vt 0.921429 0.426000
vt 0.921429 0.450000
vt 0.892857 0.450000
vt 0.921429 0.426000
vt 0.892857 0.450000
vt 0.892857 0.426000
vt 0.950000 0.426000
vt 0.950000 0.450000
vt 0.921429 0.450000
vt 0.950000 0.426000
vt 0.921429 0.450000
vt 0.921429 0.426000
vt 0.557484 0.450000
vt 0.550000 0.246612
vt 0.557484 0.050000
vt 0.618626 0.450000
vt 0.550000 0.293846
vt 0.618626 0.050000
vt 0.613913 0.450000
vt 0.550000 0.340473
vt 0.613913 0.050000
vt 0.595163 0.450000
vt 0.550000 0.358968
vt 0.595163 0.050000
vt 0.609207 0.450000
vt 0.550000 0.410623
vt 0.609207 0.050000
vt 0.605158 0.450000
vt 0.550000 0.432956
vt 0.605158 0.050000
vt 0.609104 0.450000
vt 0.550000 0.445206
vt 0.609104 0.050000
vt 0.550000 0.113692
vt 0.597970 0.050000
vt 0.597970 0.450000
vt 0.550000 0.125876
vt 0.607076 0.050000
vt 0.607076 0.450000
vt 0.550000 0.161731
vt 0.616779 0.050000
vt 0.616779 0.450000
vt 0.550000 0.201187
vt 0.584607 0.050000
vt 0.584607 0.450000
vt 0.550000 0.273354
vt 0.617372 0.050000
vt 0.617372 0.450000
vt 0.588505 0.450000
vt 0.550000 0.239029
vt 0.588505 0.050000
vt 0.624766 0.450000
vt 0.550000 0.206615
vt 0.624766 0.050000
vt 0.618728 0.450000
vt 0.550000 0.154333
vt 0.618728 0.050000
vt 0.585072 0.450000
vt 0.550000 0.150121
vt 0.585072 0.050000
vt 0.613630 0.450000
vt 0.550000 0.078637
vt 0.613630 0.050000
vt 0.604167 0.450000
vt 0.550000 0.064283
vt 0.604167 0.050000
vt 0.607461 0.450000
vt 0.550000 0.070152
vt 0.607461 0.050000
vt 0.591710 0.050000
vt 0.591710 0.450000
vt 0.550000 0.373923
vt 0.608162 0.050000
vt 0.608162 0.450000
vt 0.550000 0.379529
vt 0.624047 0.050000
vt 0.624047 0.450000
vt 0.550000 0.341257
vt 0.558699 0.050000
vt 0.558699 0.450000
vt 0.550000 0.302657
vt 0.627184 0.050000
vt 0.627184 0.450000
vt 0.550000 0.221178
vt 0.578571 0.050000
vt 0.578571 0.070000
vt 0.550000 0.070000
vt 0.578571 0.050000
vt 0.550000 0.070000
vt 0.550000 0.050000
vt 0.607143 0.050000
vt 0.607143 0.070000
vt 0.578571 0.070000
vt 0.607143 0.050000
vt 0.578571 0.070000
vt 0.578571 0.050000
vt 0.635714 0.050000
vt 0.635714 0.070000
vt 0.607143 0.070000
vt 0.635714 0.050000
vt 0.607143 0.070000
vt 0.607143 0.050000
vt 0.664286 0.050000
vt 0.664286 0.070000
vt 0.635714 0.070000
vt 0.664286 0.050000
vt 0.635714 0.070000
vt 0.635714 0.050000
vt 0.692857 0.050000
vt 0.692857 0.070000
vt 0.664286 0.070000
vt 0.692857 0.050000
vt 0.664286 0.070000
vt 0.664286 0.050000
vt 0.721429 0.050000
vt 0.721429 0.070000
vt 0.692857 0.070000
vt 0.721429 0.050000
vt 0.692857 0.070000
vt 0.692857 0.050000
vt 0.750000 0.050000
vt 0.750000 0.070000
vt 0.721429 0.070000
vt 0.750000 0.050000
vt 0.721429 0.070000
vt 0.721429 0.050000
vt 0.778571 0.050000
vt 0.778571 0.070000
vt 0.750000 0.070000
vt 0.778571 0.050000
vt 0.750000 0.070000
vt 0.750000 0.050000
vt 0.807143 0.050000
vt 0.807143 0.070000
vt 0.778571 0.070000
vt 0.807143 0.050000
vt 0.778571 0.070000
vt 0.778571 0.050000
vt 0.835714 0.050000
vt 0.835714 0.070000
vt 0.807143 0.070000
vt 0.835714 0.050000
vt 0.807143 0.070000
vt 0.807143 0.050000
vt 0.864286 0.050000
vt 0.864286 0.070000
vt 0.835714 0.070000
vt 0.864286 0.050000
vt 0.835714 0.070000
vt 0.835714 0.050000
vt 0.892857 0.050000
vt 0.892857 0.070000
vt 0.864286 0.070000
vt 0.892857 0.050000
vt 0.864286 0.070000
vt 0.864286 0.050000
vt 0.921429 0.050000
vt 0.921429 0.070000
vt 0.892857 0.070000
vt 0.921429 0.050000
vt 0.892857 0.070000
vt 0.892857 0.050000
vt 0.950000 0.050000
vt 0.950000 0.070000
vt 0.921429 0.070000
vt 0.950000 0.050000
vt 0.921429 0.070000
vt 0.921429 0.050000
vt 0.578571 0.070000
vt 0.578571 0.106000
vt 0.550000 0.106000
vt 0.578571 0.070000
vt 0.550000 0.106000
vt 0.550000 0.070000
vt 0.607143 0.070000
vt 0.607143 0.106000
vt 0.578571 0.106000
vt 0.607143 0.070000
vt 0.578571 0.106000
vt 0.578571 0.070000
vt 0.635714 0.070000
vt 0.635714 0.106000
vt 0.607143 0.106000
vt 0.635714 0.070000
vt 0.607143 0.106000
vt 0.607143 0.070000
vt 0.664286 0.070000
vt 0.664286 0.106000
vt 0.635714 0.106000
vt 0.664286 0.070000
vt 0.635714 0.106000
vt 0.635714 0.070000
vt 0.692857 0.070000
vt 0.692857 0.106000
vt 0.664286 0.106000
vt 0.692857 0.070000
vt 0.664286 0.106000
vt 0.664286 0.070000
vt 0.721429 0.070000
vt 0.721429 0.106000
vt 0.692857 0.106000
vt 0.721429 0.070000
vt 0.692857 0.106000
vt 0.692857 0.070000
vt 0.750000 0.070000
vt 0.750000 0.106000
vt 0.721429 0.106000
vt 0.750000 0.070000
vt 0.721429 0.106000
vt 0.721429 0.070000
vt 0.778571 0.070000
vt 0.778571 0.106000
vt 0.750000 0.106000
vt 0.778571 0.070000
vt 0.750000 0.106000
vt 0.750000 0.070000
vt 0.807143 0.070000
vt 0.807143 0.106000
vt 0.778571 0.106000
vt 0.807143 0.070000
vt 0.778571 0.106000
vt 0.778571 0.070000
vt 0.835714 0.070000
vt 0.835714 0.106000
vt 0.807143 0.106000
vt 0.835714 0.070000
vt 0.807143 0.106000
vt 0.807143 0.070000
vt 0.864286 0.070000
vt 0.864286 0.106000
vt 0.835714 0.106000
vt 0.864286 0.070000
vt 0.835714 0.106000
vt 0.835714 0.070000
vt 0.892857 0.070000
vt 0.892857 0.106000
vt 0.864286 0.106000
vt 0.892857 0.070000
vt 0.864286 0.106000
vt 0.864286 0.070000
vt 0.921429 0.070000
vt 0.921429 0.106000
vt 0.892857 0.106000
vt 0.921429 0.070000
vt 0.892857 0.106000
vt 0.892857 0.070000
vt 0.950000 0.070000
vt 0.950000 0.106000
vt 0.921429 0.106000
vt 0.950000 0.070000
vt 0.921429 0.106000
vt 0.921429 0.070000
vt 0.578571 0.106000
vt 0.578571 0.170000
vt 0.550000 0.170000
vt 0.578571 0.106000
vt 0.550000 0.170000
vt 0.550000 0.106000
vt 0.607143 0.106000
vt 0.607143 0.170000
vt 0.578571 0.170000
vt 0.607143 0.106000
vt 0.578571 0.170000
vt 0.578571 0.106000
vt 0.635714 0.106000
vt 0.635714 0.170000
vt 0.607143 0.170000
vt 0.635714 0.106000
vt 0.607143 0.170000
vt 0.607143 0.106000
vt 0.664286 0.106000
vt 0.664286 0.170000
vt 0.635714 0.170000
vt 0.664286 0.106000
vt 0.635714 0.170000
vt 0.635714 0.106000
vt 0.692857 0.106000
vt 0.692857 0.170000
vt 0.664286 0.170000
vt 0.692857 0.106000
vt 0.664286 0.170000
vt 0.664286 0.106000
vt 0.721429 0.106000
vt 0.721429 0.170000
vt 0.692857 0.170000
vt 0.721429 0.106000
vt 0.692857 0.170000
vt 0.692857 0.106000
vt 0.750000 0.106000
vt 0.750000 0.170000
vt 0.721429 0.170000
vt 0.750000 0.106000
vt 0.721429 0.170000
vt 0.721429 0.106000
vt 0.778571 0.106000
vt 0.778571 0.170000
vt 0.750000 0.170000
vt 0.778571 0.106000
vt 0.750000 0.170000
vt 0.750000 0.106000
vt 0.807143 0.106000
vt 0.807143 0.170000
vt 0.778571 0.170000
vt 0.807143 0.106000
vt 0.778571 0.170000
vt 0.778571 0.106000
vt 0.835714 0.106000
vt 0.835714 0.170000
vt 0.807143 0.170000
vt 0.835714 0.106000
vt 0.807143 0.170000
vt 0.807143 0.106000
vt 0.864286 0.106000
vt 0.864286 0.170000
vt 0.835714 0.170000
vt 0.864286 0.106000
vt 0.835714 0.170000
vt 0.835714 0.106000
vt 0.892857 0.106000
vt 0.892857 0.170000
vt 0.864286 0.170000
vt 0.892857 0.106000
vt 0.864286 0.170000
vt 0.864286 0.106000
vt 0.921429 0.106000
vt 0.921429 0.170000
vt 0.892857 0.170000
vt 0.921429 0.106000
vt 0.892857 0.170000
vt 0.892857 0.106000
vt 0.950000 0.106000
vt 0.950000 0.170000
vt 0.921429 0.170000
vt 0.950000 0.106000
vt 0.921429 0.170000
vt 0.921429 0.106000
vt 0.578571 0.170000
vt 0.578571 0.242000
vt 0.550000 0.242000
vt 0.578571 0.170000
vt 0.550000 0.242000
vt 0.550000 0.170000
vt 0.607143 0.170000
vt 0.607143 0.242000
vt 0.578571 0.242000
vt 0.607143 0.170000
vt 0.578571 0.242000
vt 0.578571 0.170000
vt 0.635714 0.170000
vt 0.635714 0.242000
vt 0.607143 0.242000
vt 0.635714 0.170000
vt 0.607143 0.242000
vt 0.607143 0.170000
vt 0.664286 0.170000
vt 0.664286 0.242000
vt 0.635714 0.242000
vt 0.664286 0.170000
vt 0.635714 0.242000
vt 0.635714 0.170000
vt 0.692857 0.170000
vt 0.692857 0.242000
vt 0.664286 0.242000
vt 0.692857 0.170000
vt 0.664286 0.242000
vt 0.664286 0.170000
vt 0.721429 0.170000
vt 0.721429 0.242000
vt 0.692857 0.242000
vt 0.721429 0.170000
vt 0.692857 0.242000
vt 0.692857 0.170000
vt 0.750000 0.170000
vt 0.750000 0.242000
vt 0.721429 0.242000
vt 0.750000 0.170000
vt 0.721429 0.242000
vt 0.721429 0.170000
vt 0.778571 0.170000
vt 0.778571 0.242000
vt 0.750000 0.242000
vt 0.778571 0.170000
vt 0.750000 0.242000
vt 0.750000 0.170000
vt 0.807143 0.170000
vt 0.807143 0.242000
vt 0.778571 0.242000
vt 0.807143 0.170000
vt 0.778571 0.242000
vt 0.778571 0.170000
vt 0.835714 0.170000
vt 0.835714 0.242000
vt 0.807143 0.242000
vt 0.835714 0.170000
vt 0.807143 0.242000
vt 0.807143 0.170000
vt 0.864286 0.170000
vt 0.864286 0.242000
vt 0.835714 0.242000
vt 0.864286 0.170000
vt 0.835714 0.242000
vt 0.835714 0.170000
vt 0.892857 0.170000
vt 0.892857 0.242000
vt 0.864286 0.242000
vt 0.892857 0.170000
vt 0.864286 0.242000
vt 0.864286 0.170000
vt 0.921429 0.170000
vt 0.921429 0.242000
vt 0.892857 0.242000
vt 0.921429 0.170000
vt 0.892857 0.242000
vt 0.892857 0.170000
vt 0.950000 0.170000
vt 0.950000 0.242000
vt 0.921429 0.242000
vt 0.950000 0.170000
vt 0.921429 0.242000
vt 0.921429 0.170000
vt 0.578571 0.242000
vt 0.578571 0.310000
vt 0.550000 0.310000
vt 0.578571 0.242000
vt 0.550000 0.310000
vt 0.550000 0.242000
vt 0.607143 0.242000
vt 0.607143 0.310000
vt 0.578571 0.310000
vt 0.607143 0.242000
vt 0.578571 0.310000
vt 0.578571 0.242000
vt 0.635714 0.242000
vt 0.635714 0.310000
vt 0.607143 0.310000
vt 0.635714 0.242000
vt 0.607143 0.310000
vt 0.607143 0.242000
vt 0.664286 0.242000
vt 0.664286 0.310000
vt 0.635714 0.310000
vt 0.664286 0.242000
vt 0.635714 0.310000
vt 0.635714 0.242000
vt 0.692857 0.242000
vt 0.692857 0.310000
vt 0.664286 0.310000
vt 0.692857 0.242000
vt 0.664286 0.310000
vt 0.664286 0.242000
vt 0.721429 0.242000
vt 0.721429 0.310000
vt 0.692857 0.310000
vt 0.721429 0.242000
vt 0.692857 0.310000
vt 0.692857 0.242000
vt 0.750000 0.242000
vt 0.750000 0.310000
vt 0.721429 0.310000
vt 0.750000 0.242000
vt 0.721429 0.310000
vt 0.721429 0.242000
vt 0.778571 0.242000
vt 0.778571 0.310000
vt 0.750000 0.310000
vt 0.778571 0.242000
vt 0.750000 0.310000
vt 0.750000 0.242000
vt 0.807143 0.242000
vt 0.807143 0.310000
vt 0.778571 0.310000
vt 0.807143 0.242000
vt 0.778571 0.310000
vt 0.778571 0.242000
vt 0.835714 0.242000
vt 0.835714 0.310000
vt 0.807143 0.310000
vt 0.835714 0.242000
vt 0.807143 0.310000
vt 0.807143 0.242000
vt 0.864286 0.242000
vt 0.864286 0.310000
vt 0.835714 0.310000
vt 0.864286 0.242000
vt 0.835714 0.310000
vt 0.835714 0.242000
vt 0.892857 0.242000
vt 0.892857 0.310000
vt 0.864286 0.310000
vt 0.892857 0.242000
vt 0.864286 0.310000
vt 0.864286 0.242000
vt 0.921429 0.242000
vt 0.921429 0.310000
vt 0.892857 0.310000
vt 0.921429 0.242000
vt 0.892857 0.310000
vt 0.892857 0.242000
vt 0.950000 0.242000
vt 0.950000 0.310000
vt 0.921429 0.310000
vt 0.950000 0.242000
vt 0.921429 0.310000
vt 0.921429 0.242000
vt 0.578571 0.310000
vt 0.578571 0.362000
vt 0.550000 0.362000
vt 0.578571 0.310000
vt 0.550000 0.362000
vt 0.550000 0.310000
vt 0.607143 0.310000
vt 0.607143 0.362000
vt 0.578571 0.362000
vt 0.607143 0.310000
vt 0.578571 0.362000
vt 0.578571 0.310000
vt 0.635714 0.310000
vt 0.635714 0.362000
vt 0.607143 0.362000
vt 0.635714 0.310000
vt 0.607143 0.362000
vt 0.607143 0.310000
vt 0.664286 0.310000
vt 0.664286 0.362000
vt 0.635714 0.362000
vt 0.664286 0.310000
vt 0.635714 0.362000
vt 0.635714 0.310000
vt 0.692857 0.310000
vt 0.692857 0.362000
vt 0.664286 0.362000
vt 0.692857 0.310000
vt 0.664286 0.362000
vt 0.664286 0.310000
vt 0.721429 0.310000
vt 0.721429 0.362000
vt 0.692857 0.362000
vt 0.721429 0.310000
vt 0.692857 0.362000
vt 0.692857 0.310000
vt 0.750000 0.310000
vt 0.750000 0.362000
vt 0.721429 0.362000
vt 0.750000 0.310000
vt 0.721429 0.362000
vt 0.721429 0.310000
vt 0.778571 0.310000
vt 0.778571 0.362000
vt 0.750000 0.362000
vt 0.778571 0.310000
vt 0.750000 0.362000
vt 0.750000 0.310000
vt 0.807143 0.310000
vt 0.807143 0.362000
vt 0.778571 0.362000
vt 0.807143 0.310000
vt 0.778571 0.362000
vt 0.778571 0.310000
vt 0.835714 0.310000
vt 0.835714 0.362000
vt 0.807143 0.362000
vt 0.835714 0.310000
vt 0.807143 0.362000
vt 0.807143 0.310000
vt 0.864286 0.310000
vt 0.864286 0.362000
vt 0.835714 0.362000
vt 0.864286 0.310000
vt 0.835714 0.362000
vt 0.835714 0.310000
vt 0.892857 0.310000
vt 0.892857 0.362000
vt 0.864286 0.362000
vt 0.892857 0.310000
vt 0.864286 0.362000
vt 0.864286 0.310000
vt 0.921429 0.310000
vt 0.921429 0.362000
vt 0.892857 0.362000
vt 0.921429 0.310000
vt 0.892857 0.362000
vt 0.892857 0.310000
vt 0.950000 0.310000
vt 0.950000 0.362000
vt 0.921429 0.362000
vt 0.950000 0.310000
vt 0.921429 0.362000
vt 0.921429 0.310000
vt 0.578571 0.362000
vt 0.578571 0.394000
vt 0.550000 0.394000
vt 0.578571 0.362000
vt 0.550000 0.394000
vt 0.550000 0.362000
vt 0.607143 0.362000
vt 0.607143 0.394000
vt 0.578571 0.394000
vt 0.607143 0.362000
vt 0.578571 0.394000
vt 0.578571 0.362000
vt 0.635714 0.362000
vt 0.635714 0.394000
vt 0.607143 0.394000
vt 0.635714 0.362000
vt 0.607143 0.394000
vt 0.607143 0.362000
vt 0.664286 0.362000
vt 0.664286 0.394000
vt 0.635714 0.394000
vt 0.664286 0.362000
vt 0.635714 0.394000
vt 0.635714 0.362000
vt 0.692857 0.362000
vt 0.692857 0.394000
vt 0.664286 0.394000
vt 0.692857 0.362000
vt 0.664286 0.394000
vt 0.664286 0.362000
vt 0.721429 0.362000
vt 0.721429 0.394000
vt 0.692857 0.394000
vt 0.721429 0.362000
vt 0.692857 0.394000
vt 0.692857 0.362000
vt 0.750000 0.362000
vt 0.750000 0.394000
vt 0.721429 0.394000
vt 0.750000 0.362000
vt 0.721429 0.394000
vt 0.721429 0.362000
vt 0.778571 0.362000
vt 0.778571 0.394000
vt 0.750000 0.394000
vt 0.778571 0.362000
vt 0.750000 0.394000
vt 0.750000 0.362000
vt 0.807143 0.362000
vt 0.807143 0.394000
vt 0.778571 0.394000
vt 0.807143 0.362000
vt 0.778571 0.394000
vt 0.778571 0.362000
vt 0.835714 0.362000
vt 0.835714 0.394000
vt 0.807143 0.394000
vt 0.835714 0.362000
vt 0.807143 0.394000
vt 0.807143 0.362000
vt 0.864286 0.362000
vt 0.864286 0.394000
vt 0.835714 0.394000
vt 0.864286 0.362000
vt 0.835714 0.394000
vt 0.835714 0.362000
vt 0.892857 0.362000
vt 0.892857 0.394000
vt 0.864286 0.394000
vt 0.892857 0.362000
vt 0.864286 0.394000
vt 0.864286 0.362000
vt 0.921429 0.362000
vt 0.921429 0.394000
vt 0.892857 0.394000
vt 0.921429 0.362000
vt 0.892857 0.394000
vt 0.892857 0.362000
vt 0.950000 0.362000
vt 0.950000 0.394000
vt 0.921429 0.394000
vt 0.950000 0.362000
vt 0.921429 0.394000
vt 0.921429 0.362000
vt 0.050000 0.872591
vt 0.093328 0.550000
vt 0.309969 0.614507
vt 0.050000 0.872591
vt 0.309969 0.614507
vt 0.309969 0.950000
vt 0.332470 0.550000
vt 0.332470 0.929422
vt 0.097078 0.950000
vt 0.332470 0.550000
vt 0.097078 0.950000
vt 0.050000 0.574694
vt 0.408697 0.937505
vt 0.050000 0.950000
vt 0.050000 0.627079
vt 0.408697 0.937505
vt 0.050000 0.627079
vt 0.408697 0.550000
vt 0.437369 0.950000
vt 0.050000 0.933062
vt 0.050000 0.599728
vt 0.437369 0.950000
vt 0.050000 0.599728
vt 0.437369 0.550000
vt 0.373167 0.950000
vt 0.050000 0.863392
vt 0.050000 0.550000
vt 0.373167 0.950000
vt 0.050000 0.550000
vt 0.373167 0.573929
vt 0.344411 0.550000
vt 0.344411 0.927843
vt 0.099069 0.950000
vt 0.344411 0.550000
vt 0.099069 0.950000
vt 0.050000 0.576589
vt 0.293904 0.550000
vt 0.293904 0.931290
vt 0.090651 0.950000
vt 0.293904 0.550000
vt 0.090651 0.950000
vt 0.050000 0.572452
vt 0.303455 0.550000
vt 0.303455 0.910187
vt 0.092243 0.950000
vt 0.303455 0.550000
vt 0.092243 0.950000
vt 0.050000 0.597776
vt 0.376606 0.900856
vt 0.050000 0.950000
vt 0.050000 0.657620
vt 0.376606 0.900856
vt 0.050000 0.657620
vt 0.376606 0.550000
vt 0.050000 0.905735
vt 0.104787 0.550000
vt 0.378720 0.586888
vt 0.050000 0.905735
vt 0.378720 0.586888
vt 0.378720 0.950000
vt 0.409912 0.950000
vt 0.050000 0.901483
vt 0.050000 0.568149
vt 0.409912 0.950000
vt 0.050000 0.568149
vt 0.409912 0.550000
vt 0.050000 0.920097
vt 0.107823 0.550000
vt 0.396936 0.574919
vt 0.050000 0.920097
vt 0.396936 0.574919
vt 0.396936 0.950000
vt 0.343264 0.550000
vt 0.343264 0.878429
vt 0.098877 0.950000
vt 0.343264 0.550000
vt 0.098877 0.950000
vt 0.050000 0.635885
vt 0.307873 0.550000
vt 0.307873 0.915385
vt 0.092979 0.950000
vt 0.307873 0.550000
vt 0.092979 0.950000
vt 0.050000 0.591537
vt 0.578571 0.406000
vt 0.578571 0.426000
vt 0.550000 0.426000
vt 0.578571 0.406000
vt 0.550000 0.426000
vt 0.550000 0.406000
vt 0.607143 0.406000
vt 0.607143 0.426000
vt 0.578571 0.426000
vt 0.607143 0.406000
vt 0.578571 0.426000
vt 0.578571 0.406000
vt 0.635714 0.406000
vt 0.635714 0.426000
vt 0.607143 0.426000
vt 0.635714 0.406000
vt 0.607143 0.426000
vt 0.607143 0.406000
vt 0.664286 0.406000
vt 0.664286 0.426000
vt 0.635714 0.426000
vt 0.664286 0.406000
vt 0.635714 0.426000
vt 0.635714 0.406000
vt 0.692857 0.406000
vt 0.692857 0.426000
vt 0.664286 0.426000
vt 0.692857 0.406000
vt 0.664286 0.426000
vt 0.664286 0.406000
vt 0.721429 0.406000
vt 0.721429 0.426000
vt 0.692857 0.426000
vt 0.721429 0.406000
vt 0.692857 0.426000
vt 0.692857 0.406000
vt 0.750000 0.406000
vt 0.750000 0.426000
vt 0.721429 0.426000
vt 0.750000 0.406000
vt 0.721429 0.426000
vt 0.721429 0.406000
vt 0.778571 0.406000
vt 0.778571 0.426000
vt 0.750000 0.426000
vt 0.778571 0.406000
vt 0.750000 0.426000
vt 0.750000 0.406000
vt 0.807143 0.406000
vt 0.807143 0.426000
vt 0.778571 0.426000
vt 0.807143 0.406000
vt 0.778571 0.426000
vt 0.778571 0.406000
vt 0.835714 0.406000
vt 0.835714 0.426000
vt 0.807143 0.426000
vt 0.835714 0.406000
vt 0.807143 0.426000
vt 0.807143 0.406000
vt 0.864286 0.406000
vt 0.864286 0.426000
vt 0.835714 0.426000
vt 0.864286 0.406000
vt 0.835714 0.426000
vt 0.835714 0.406000
vt 0.892857 0.406000
vt 0.892857 0.426000
vt 0.864286 0.426000
vt 0.892857 0.406000
vt 0.864286 0.426000
vt 0.864286 0.406000
vt 0.921429 0.406000
vt 0.921429 0.426000
vt 0.892857 0.426000
vt 0.921429 0.406000
vt 0.892857 0.426000
vt 0.892857 0.406000
vt 0.950000 0.406000
vt 0.950000 0.426000
vt 0.921429 0.426000
vt 0.950000 0.406000
vt 0.921429 0.426000
vt 0.921429 0.406000
vt 0.578571 0.426000
vt 0.578571 0.450000
vt 0.550000 0.450000
vt 0.578571 0.426000
vt 0.550000 0.450000
vt 0.550000 0.426000
vt 0.607143 0.426000
vt 0.607143 0.450000
vt 0.578571 0.450000
vt 0.607143 0.426000
vt 0.578571 0.450000
vt 0.578571 0.426000
vt 0.635714 0.426000
vt 0.635714 0.450000
vt 0.607143 0.450000
vt 0.635714 0.426000
vt 0.607143 0.450000
vt 0.607143 0.426000
vt 0.664286 0.426000
vt 0.664286 0.450000
vt 0.635714 0.450000
vt 0.664286 0.426000
vt 0.635714 0.450000
vt 0.635714 0.426000
vt 0.692857 0.426000
vt 0.692857 0.450000
vt 0.664286 0.450000
vt 0.692857 0.426000
vt 0.664286 0.450000
vt 0.664286 0.426000
vt 0.721429 0.426000
vt 0.721429 0.450000
vt 0.692857 0.450000
vt 0.721429 0.426000
vt 0.692857 0.450000
vt 0.692857 0.426000
vt 0.750000 0.426000
vt 0.750000 0.450000
vt 0.721429 0.450000
vt 0.750000 0.426000
vt 0.721429 0.450000
vt 0.721429 0.426000
vt 0.778571 0.426000
vt 0.778571 0.450000
vt 0.750000 0.450000
vt 0.778571 0.426000
vt 0.750000 0.450000
vt 0.750000 0.426000
vt 0.807143 0.426000
vt 0.807143 0.450000
vt 0.778571 0.450000
vt 0.807143 0.426000
vt 0.778571 0.450000
vt 0.778571 0.426000
vt 0.835714 0.426000
vt 0.835714 0.450000
vt 0.807143 0.450000
vt 0.835714 0.426000
vt 0.807143 0.450000
vt 0.807143 0.426000
vt 0.864286 0.426000
vt 0.864286 0.450000
vt 0.835714 0.450000
vt 0.864286 0.426000
vt 0.835714 0.450000
vt 0.835714 0.426000
vt 0.892857 0.426000
vt 0.892857 0.450000
vt 0.864286 0.450000
vt 0.892857 0.426000
vt 0.864286 0.450000
vt 0.864286 0.426000
vt 0.921429 0.426000
vt 0.921429 0.450000
vt 0.892857 0.450000
vt 0.921429 0.426000
vt 0.892857 0.450000
vt 0.892857 0.426000
vt 0.950000 0.426000
vt 0.950000 0.450000
vt 0.921429 0.450000
vt 0.950000 0.426000
vt 0.921429 0.450000
vt 0.921429 0.426000
vt 0.577029 0.450000
vt 0.550000 0.254714
vt 0.577029 0.050000
vt 0.640170 0.450000
vt 0.550000 0.168162
vt 0.640170 0.050000
vt 0.613404 0.450000
vt 0.550000 0.141812
vt 0.613404 0.050000
vt 0.624763 0.450000
vt 0.550000 0.116413
vt 0.624763 0.050000
vt 0.646895 0.450000
vt 0.550000 0.071637
vt 0.646895 0.050000
vt 0.635188 0.450000
vt 0.550000 0.084001
vt 0.635188 0.050000
vt 0.642225 0.050000
vt 0.642225 0.450000
vt 0.550000 0.430090
vt 0.626906 0.050000
vt 0.626906 0.450000
vt 0.550000 0.398482
vt 0.645120 0.050000
vt 0.645120 0.450000
vt 0.550000 0.405188
vt 0.616672 0.050000
vt 0.616672 0.450000
vt 0.550000 0.357680
vt 0.600067 0.050000
vt 0.600067 0.450000
vt 0.550000 0.319123
vt 0.635092 0.050000
vt 0.635092 0.450000
vt 0.550000 0.252712
vt 0.561277 0.450000
vt 0.550000 0.237139
vt 0.561277 0.050000
vt 0.671182 0.450000
vt 0.550000 0.339902
vt 0.671182 0.050000
vt 0.605202 0.450000
vt 0.550000 0.352573
vt 0.605202 0.050000
vt 0.620863 0.450000
vt 0.550000 0.376548
vt 0.620863 0.050000
vt 0.550000 0.075087
vt 0.654004 0.050000
vt 0.654004 0.450000
vt 0.630385 0.450000
vt 0.550000 0.401804
vt 0.630385 0.050000
vt 0.550000 0.070013
vt 0.644460 0.050000
vt 0.644460 0.450000
vt 0.550000 0.114825
vt 0.618994 0.050000
vt 0.618994 0.450000
vt 0.550000 0.079352
vt 0.662868 0.050000
vt 0.662868 0.450000
vt 0.550000 0.148273
vt 0.612237 0.050000
vt 0.612237 0.450000
vt 0.550000 0.185753
vt 0.588640 0.050000
vt 0.588640 0.450000
vt 0.550000 0.247702
vt 0.678500 0.050000
vt 0.678500 0.450000
vt 0.550000 0.050000
vt 0.550000 0.070000
vt 0.578571 0.070000
vt 0.550000 0.050000
vt 0.578571 0.070000
vt 0.578571 0.050000
vt 0.578571 0.050000
vt 0.578571 0.070000
vt 0.607143 0.070000
vt 0.578571 0.050000
vt 0.607143 0.070000
vt 0.607143 0.050000
vt 0.607143 0.050000
vt 0.607143 0.070000
vt 0.635714 0.070000
vt 0.607143 0.050000
vt 0.635714 0.070000
vt 0.635714 0.050000
vt 0.635714 0.050000
vt 0.635714 0.070000
vt 0.664286 0.070000
vt 0.635714 0.050000
vt 0.664286 0.070000
vt 0.664286 0.050000
vt 0.664286 0.050000
vt 0.664286 0.070000
vt 0.692857 0.070000
vt 0.664286 0.050000
vt 0.692857 0.070000
vt 0.692857 0.050000
vt 0.692857 0.050000
vt 0.692857 0.070000
vt 0.721429 0.070000
vt 0.692857 0.050000
vt 0.721429 0.070000
vt 0.721429 0.050000
vt 0.721429 0.050000
vt 0.721429 0.070000
vt 0.750000 0.070000
vt 0.721429 0.050000
vt 0.750000 0.070000
vt 0.750000 0.050000
vt 0.750000 0.050000
vt 0.750000 0.070000
vt 0.778571 0.070000
vt 0.750000 0.050000
vt 0.778571 0.070000
vt 0.778571 0.050000
vt 0.778571 0.050000
vt 0.778571 0.070000
vt 0.807143 0.070000
vt 0.778571 0.050000
vt 0.807143 0.070000
vt 0.807143 0.050000
vt 0.807143 0.050000
vt 0.807143 0.070000
vt 0.835714 0.070000
vt 0.807143 0.050000
vt 0.835714 0.070000
vt 0.835714 0.050000
vt 0.835714 0.050000
vt 0.835714 0.070000
vt 0.864286 0.070000
vt 0.835714 0.050000
vt 0.864286 0.070000
vt 0.864286 0.050000
vt 0.864286 0.050000
vt 0.864286 0.070000
vt 0.892857 0.070000
vt 0.864286 0.050000
vt 0.892857 0.070000
vt 0.892857 0.050000
vt 0.892857 0.050000
vt 0.892857 0.070000
vt 0.921429 0.070000
vt 0.892857 0.050000
vt 0.921429 0.070000
vt 0.921429 0.050000
vt 0.921429 0.050000
vt 0.921429 0.070000
vt 0.950000 0.070000
vt 0.921429 0.050000
vt 0.950000 0.070000
vt 0.950000 0.050000
vt 0.550000 0.070000
vt 0.550000 0.106000
vt 0.578571 0.106000
vt 0.550000 0.070000
vt 0.578571 0.106000
vt 0.578571 0.070000
vt 0.578571 0.070000
vt 0.578571 0.106000
vt 0.607143 0.106000
vt 0.578571 0.070000
vt 0.607143 0.106000
vt 0.607143 0.070000
vt 0.607143 0.070000
vt 0.607143 0.106000
vt 0.635714 0.106000
vt 0.607143 0.070000
vt 0.635714 0.106000
vt 0.635714 0.070000
vt 0.635714 0.070000
vt 0.635714 0.106000
vt 0.664286 0.106000
vt 0.635714 0.070000
vt 0.664286 0.106000
vt 0.664286 0.070000
vt 0.664286 0.070000
vt 0.664286 0.106000
vt 0.692857 0.106000
vt 0.664286 0.070000
vt 0.692857 0.106000
vt 0.692857 0.070000
vt 0.692857 0.070000
vt 0.692857 0.106000
vt 0.721429 0.106000
vt 0.692857 0.070000
vt 0.721429 0.106000
vt 0.721429 0.070000
vt 0.721429 0.070000
vt 0.721429 0.106000
vt 0.750000 0.106000
vt 0.721429 0.070000
vt 0.750000 0.106000
vt 0.750000 0.070000
vt 0.750000 0.070000
vt 0.750000 0.106000
vt 0.778571 0.106000
vt 0.750000 0.070000
vt 0.778571 0.106000
vt 0.778571 0.070000
vt 0.778571 0.070000
vt 0.778571 0.106000
vt 0.807143 0.106000
vt 0.778571 0.070000
vt 0.807143 0.106000
vt 0.807143 0.070000
vt 0.807143 0.070000
vt 0.807143 0.106000
vt 0.835714 0.106000
vt 0.807143 0.070000
vt 0.835714 0.106000
vt 0.835714 0.070000
vt 0.835714 0.070000
vt 0.835714 0.106000
vt 0.864286 0.106000
vt 0.835714 0.070000
vt 0.864286 0.106000
vt 0.864286 0.070000
vt 0.864286 0.070000
vt 0.864286 0.106000
vt 0.892857 0.106000
vt 0.864286 0.070000
vt 0.892857 0.106000
vt 0.892857 0.070000
vt 0.892857 0.070000
vt 0.892857 0.106000
vt 0.921429 0.106000
vt 0.892857 0.070000
vt 0.921429 0.106000
vt 0.921429 0.070000
vt 0.921429 0.070000
vt 0.921429 0.106000
vt 0.950000 0.106000
vt 0.921429 0.070000
vt 0.950000 0.106000
vt 0.950000 0.070000
vt 0.550000 0.106000
vt 0.550000 0.170000
vt 0.578571 0.170000
vt 0.550000 0.106000
vt 0.578571 0.170000
vt 0.578571 0.106000
vt 0.578571 0.106000
vt 0.578571 0.170000
vt 0.607143 0.170000
vt 0.578571 0.106000
vt 0.607143 0.170000
vt 0.607143 0.106000
vt 0.607143 0.106000
vt 0.607143 0.170000
vt 0.635714 0.170000
vt 0.607143 0.106000
vt 0.635714 0.170000
vt 0.635714 0.106000
vt 0.635714 0.106000
vt 0.635714 0.170000
vt 0.664286 0.170000
vt 0.635714 0.106000
vt 0.664286 0.170000
vt 0.664286 0.106000
vt 0.664286 0.106000
vt 0.664286 0.170000
vt 0.692857 0.170000
vt 0.664286 0.106000
vt 0.692857 0.170000
vt 0.692857 0.106000
vt 0.692857 0.106000
vt 0.692857 0.170000
vt 0.721429 0.170000
vt 0.692857 0.106000
vt 0.721429 0.170000
vt 0.721429 0.106000
vt 0.721429 0.106000
vt 0.721429 0.170000
vt 0.750000 0.170000
vt 0.721429 0.106000
vt 0.750000 0.170000
vt 0.750000 0.106000
vt 0.750000 0.106000
vt 0.750000 0.170000
vt 0.778571 0.170000
vt 0.750000 0.106000
vt 0.778571 0.170000
vt 0.778571 0.106000
vt 0.778571 0.106000
vt 0.778571 0.170000
vt 0.807143 0.170000
vt 0.778571 0.106000
vt 0.807143 0.170000
vt 0.807143 0.106000
vt 0.807143 0.106000
vt 0.807143 0.170000
vt 0.835714 0.170000
vt 0.807143 0.106000
vt 0.835714 0.170000
vt 0.835714 0.106000
vt 0.835714 0.106000
vt 0.835714 0.170000
vt 0.864286 0.170000
vt 0.835714 0.106000
vt 0.864286 0.170000
vt 0.864286 0.106000
vt 0.864286 0.106000
vt 0.864286 0.170000
vt 0.892857 0.170000
vt 0.864286 0.106000
vt 0.892857 0.170000
vt 0.892857 0.106000
vt 0.892857 0.106000
vt 0.892857 0.170000
vt 0.921429 0.170000
vt 0.892857 0.106000
vt 0.921429 0.170000
vt 0.921429 0.106000
vt 0.921429 0.106000
vt 0.921429 0.170000
vt 0.950000 0.170000
vt 0.921429 0.106000
vt 0.950000 0.170000
vt 0.950000 0.106000
vt 0.550000 0.170000
vt 0.550000 0.242000
vt 0.578571 0.242000
vt 0.550000 0.170000
vt 0.578571 0.242000
vt 0.578571 0.170000
vt 0.578571 0.170000
vt 0.578571 0.242000
vt 0.607143 0.242000
vt 0.578571 0.170000
vt 0.607143 0.242000
vt 0.607143 0.170000
vt 0.607143 0.170000
vt 0.607143 0.242000
vt 0.635714 0.242000
vt 0.607143 0.170000
vt 0.635714 0.242000
vt 0.635714 0.170000
vt 0.635714 0.170000
vt 0.635714 0.242000
vt 0.664286 0.242000
vt 0.635714 0.170000
vt 0.664286 0.242000
vt 0.664286 0.170000
vt 0.664286 0.170000
vt 0.664286 0.242000
vt 0.692857 0.242000
vt 0.664286 0.170000
vt 0.692857 0.242000
vt 0.692857 0.170000
vt 0.692857 0.170000
vt 0.692857 0.242000
vt 0.721429 0.242000
vt 0.692857 0.170000
vt 0.721429 0.242000
vt 0.721429 0.170000
vt 0.721429 0.170000
vt 0.721429 0.242000
vt 0.750000 0.242000
vt 0.721429 0.170000
vt 0.750000 0.242000
vt 0.750000 0.170000
vt 0.750000 0.170000
vt 0.750000 0.242000
vt 0.778571 0.242000
vt 0.750000 0.170000
vt 0.778571 0.242000
vt 0.778571 0.170000
vt 0.778571 0.170000
vt 0.778571 0.242000
vt 0.807143 0.242000
vt 0.778571 0.170000
vt 0.807143 0.242000
vt 0.807143 0.170000
vt 0.807143 0.170000
vt 0.807143 0.242000
vt 0.835714 0.242000
vt 0.807143 0.170000
vt 0.835714 0.242000
vt 0.835714 0.170000
vt 0.835714 0.170000
vt 0.835714 0.242000
vt 0.864286 0.242000
vt 0.835714 0.170000
vt 0.864286 0.242000
vt 0.864286 0.170000
vt 0.864286 0.170000
vt 0.864286 0.242000
vt 0.892857 0.242000
vt 0.864286 0.170000
vt 0.892857 0.242000
vt 0.892857 0.170000
vt 0.892857 0.170000
vt 0.892857 0.242000
vt 0.921429 0.242000
vt 0.892857 0.170000
vt 0.921429 0.242000
vt 0.921429 0.170000
vt 0.921429 0.170000
vt 0.921429 0.242000
vt 0.950000 0.242000
vt 0.921429 0.170000
vt 0.950000 0.242000
vt 0.950000 0.170000
vt 0.550000 0.242000
vt 0.550000 0.310000
vt 0.578571 0.310000
vt 0.550000 0.242000
vt 0.578571 0.310000
vt 0.578571 0.242000
vt 0.578571 0.242000
vt 0.578571 0.310000
vt 0.607143 0.310000
vt 0.578571 0.242000
vt 0.607143 0.310000
vt 0.607143 0.242000
vt 0.607143 0.242000
vt 0.607143 0.310000
vt 0.635714 0.310000
vt 0.607143 0.242000
vt 0.635714 0.310000
vt 0.635714 0.242000
vt 0.635714 0.242000
vt 0.635714 0.310000
vt 0.664286 0.310000
vt 0.635714 0.242000
vt 0.664286 0.310000
vt 0.664286 0.242000
vt 0.664286 0.242000
vt 0.664286 0.310000
vt 0.692857 0.310000
vt 0.664286 0.242000
vt 0.692857 0.310000
vt 0.692857 0.242000
vt 0.692857 0.242000
vt 0.692857 0.310000
vt 0.721429 0.310000
vt 0.692857 0.242000
vt 0.721429 0.310000
vt 0.721429 0.242000
vt 0.721429 0.242000
vt 0.721429 0.310000
vt 0.750000 0.310000
vt 0.721429 0.242000
vt 0.750000 0.310000
vt 0.750000 0.242000
vt 0.750000 0.242000
vt 0.750000 0.310000
vt 0.778571 0.310000
vt 0.750000 0.242000
vt 0.778571 0.310000
vt 0.778571 0.242000
vt 0.778571 0.242000
vt 0.778571 0.310000
vt 0.807143 0.310000
vt 0.778571 0.242000
vt 0.807143 0.310000
vt 0.807143 0.242000
vt 0.807143 0.242000
vt 0.807143 0.310000
vt 0.835714 0.310000
vt 0.807143 0.242000
vt 0.835714 0.310000
vt 0.835714 0.242000
vt 0.835714 0.242000
vt 0.835714 0.310000
vt 0.864286 0.310000
vt 0.835714 0.242000
vt 0.864286 0.310000
vt 0.864286 0.242000
vt 0.864286 0.242000
vt 0.864286 0.310000
vt 0.892857 0.310000
vt 0.864286 0.242000
vt 0.892857 0.310000
vt 0.892857 0.242000
vt 0.892857 0.242000
vt 0.892857 0.310000
vt 0.921429 0.310000
vt 0.892857 0.242000
vt 0.921429 0.310000
vt 0.921429 0.242000
vt 0.921429 0.242000
vt 0.921429 0.310000
vt 0.950000 0.310000
vt 0.921429 0.242000
vt 0.950000 0.310000
vt 0.950000 0.242000
vt 0.550000 0.310000
vt 0.550000 0.362000
vt 0.578571 0.362000
vt 0.550000 0.310000
vt 0.578571 0.362000
vt 0.578571 0.310000
vt 0.578571 0.310000
vt 0.578571 0.362000
vt 0.607143 0.362000
vt 0.578571 0.310000
vt 0.607143 0.362000
vt 0.607143 0.310000
vt 0.607143 0.310000
vt 0.607143 0.362000
vt 0.635714 0.362000
vt 0.607143 0.310000
vt 0.635714 0.362000
vt 0.635714 0.310000
vt 0.635714 0.310000
vt 0.635714 0.362000
vt 0.664286 0.362000
vt 0.635714 0.310000
vt 0.664286 0.362000
vt 0.664286 0.310000
vt 0.664286 0.310000
vt 0.664286 0.362000
vt 0.692857 0.362000
vt 0.664286 0.310000
vt 0.692857 0.362000
vt 0.692857 0.310000
vt 0.692857 0.310000
vt 0.692857 0.362000
vt 0.721429 0.362000
vt 0.692857 0.310000
vt 0.721429 0.362000
vt 0.721429 0.310000
vt 0.721429 0.310000
vt 0.721429 0.362000
vt 0.750000 0.362000
vt 0.721429 0.310000
vt 0.750000 0.362000
vt 0.750000 0.310000
vt 0.750000 0.310000
vt 0.750000 0.362000
vt 0.778571 0.362000
vt 0.750000 0.310000
vt 0.778571 0.362000
vt 0.778571 0.310000
vt 0.778571 0.310000
vt 0.778571 0.362000
vt 0.807143 0.362000
vt 0.778571 0.310000
vt 0.807143 0.362000
vt 0.807143 0.310000
vt 0.807143 0.310000
vt 0.807143 0.362000
vt 0.835714 0.362000
vt 0.807143 0.310000
vt 0.835714 0.362000
vt 0.835714 0.310000
vt 0.835714 0.310000
vt 0.835714 0.362000
vt 0.864286 0.362000
vt 0.835714 0.310000
vt 0.864286 0.362000
vt 0.864286 0.310000
vt 0.864286 0.310000
vt 0.864286 0.362000
vt 0.892857 0.362000
vt 0.864286 0.310000
vt 0.892857 0.362000
vt 0.892857 0.310000
vt 0.892857 0.310000
vt 0.892857 0.362000
vt 0.921429 0.362000
vt 0.892857 0.310000
vt 0.921429 0.362000
vt 0.921429 0.310000
vt 0.921429 0.310000
vt 0.921429 0.362000
vt 0.950000 0.362000
vt 0.921429 0.310000
vt 0.950000 0.362000
vt 0.950000 0.310000
vt 0.550000 0.362000
vt 0.550000 0.394000
vt 0.578571 0.394000
vt 0.550000 0.362000
vt 0.578571 0.394000
vt 0.578571 0.362000
vt 0.578571 0.362000
vt 0.578571 0.394000
vt 0.607143 0.394000
vt 0.578571 0.362000
vt 0.607143 0.394000
vt 0.607143 0.362000
vt 0.607143 0.362000
vt 0.607143 0.394000
vt 0.635714 0.394000
vt 0.607143 0.362000
vt 0.635714 0.394000
vt 0.635714 0.362000
vt 0.635714 0.362000
vt 0.635714 0.394000
vt 0.664286 0.394000
vt 0.635714 0.362000
vt 0.664286 0.394000
vt 0.664286 0.362000
vt 0.664286 0.362000
vt 0.664286 0.394000
vt 0.692857 0.394000
vt 0.664286 0.362000
vt 0.692857 0.394000
vt 0.692857 0.362000
vt 0.692857 0.362000
vt 0.692857 0.394000
vt 0.721429 0.394000
vt 0.692857 0.362000
vt 0.721429 0.394000
vt 0.721429 0.362000
vt 0.721429 0.362000
vt 0.721429 0.394000
vt 0.750000 0.394000
vt 0.721429 0.362000
vt 0.750000 0.394000
vt 0.750000 0.362000
vt 0.750000 0.362000
vt 0.750000 0.394000
vt 0.778571 0.394000
vt 0.750000 0.362000
vt 0.778571 0.394000
vt 0.778571 0.362000
vt 0.778571 0.362000
vt 0.778571 0.394000
vt 0.807143 0.394000
vt 0.778571 0.362000
vt 0.807143 0.394000
vt 0.807143 0.362000
vt 0.807143 0.362000
vt 0.807143 0.394000
vt 0.835714 0.394000
vt 0.807143 0.362000
vt 0.835714 0.394000
vt 0.835714 0.362000
vt 0.835714 0.362000
vt 0.835714 0.394000
vt 0.864286 0.394000
vt 0.835714 0.362000
vt 0.864286 0.394000
vt 0.864286 0.362000
vt 0.864286 0.362000
vt 0.864286 0.394000
vt 0.892857 0.394000
vt 0.864286 0.362000
vt 0.892857 0.394000
vt 0.892857 0.362000
vt 0.892857 0.362000
vt 0.892857 0.394000
vt 0.921429 0.394000
vt 0.892857 0.362000
vt 0.921429 0.394000
vt 0.921429 0.362000
vt 0.921429 0.362000
vt 0.921429 0.394000
vt 0.950000 0.394000
vt 0.921429 0.362000
vt 0.950000 0.394000
vt 0.950000 0.362000
vt 0.050000 0.921097
vt 0.102054 0.550000
vt 0.362324 0.574086
vt 0.050000 0.921097
vt 0.362324 0.574086
vt 0.362324 0.950000
vt 0.050000 0.879859
vt 0.101476 0.550000
vt 0.358857 0.608451
vt 0.050000 0.879859
vt 0.358857 0.608451
vt 0.358857 0.950000
vt 0.383414 0.550000
vt 0.383414 0.919866
vt 0.105569 0.950000
vt 0.383414 0.550000
vt 0.105569 0.950000
vt 0.050000 0.586161
vt 0.050000 0.890649
vt 0.095355 0.550000
vt 0.322129 0.599459
vt 0.050000 0.890649
vt 0.322129 0.599459
vt 0.322129 0.950000
vt 0.050000 0.888234
vt 0.098280 0.550000
vt 0.339682 0.601472
vt 0.050000 0.888234
vt 0.339682 0.601472
vt 0.339682 0.950000
vt 0.358976 0.550000
vt 0.358976 0.902652
vt 0.101496 0.950000
vt 0.358976 0.550000
vt 0.101496 0.950000
vt 0.050000 0.606818
vt 0.050000 0.889806
vt 0.097863 0.550000
vt 0.337180 0.600162
vt 0.050000 0.889806
vt 0.337180 0.600162
vt 0.337180 0.950000
vt 0.375085 0.550000
vt 0.375085 0.927522
vt 0.104181 0.950000
vt 0.375085 0.550000
vt 0.104181 0.950000
vt 0.050000 0.576973
vt 0.327943 0.550000
vt 0.327943 0.894213
vt 0.096324 0.950000
vt 0.327943 0.550000
vt 0.096324 0.950000
vt 0.050000 0.616945
vt 0.050000 0.902308
vt 0.102598 0.550000
vt 0.365588 0.589743
vt 0.050000 0.902308
vt 0.365588 0.589743
vt 0.365588 0.950000
vt 0.339365 0.550000
vt 0.339365 0.896330
vt 0.098227 0.950000
vt 0.339365 0.550000
vt 0.098227 0.950000
vt 0.050000 0.614404
vt 0.329450 0.550000
vt 0.329450 0.899833
vt 0.096575 0.950000
vt 0.329450 0.550000
vt 0.096575 0.950000
vt 0.050000 0.610200
vt 0.050000 0.910768
vt 0.106190 0.550000
vt 0.387140 0.582694
vt 0.050000 0.910768
vt 0.387140 0.582694
vt 0.387140 0.950000
vt 0.375512 0.550000
vt 0.375512 0.901970
vt 0.104252 0.950000
vt 0.375512 0.550000
vt 0.104252 0.950000
vt 0.050000 0.607637
vt 0.550000 0.406000
vt 0.550000 0.426000
vt 0.578571 0.426000
vt 0.550000 0.406000
vt 0.578571 0.426000
vt 0.578571 0.406000
vt 0.578571 0.406000
vt 0.578571 0.426000
vt 0.607143 0.426000
vt 0.578571 0.406000
vt 0.607143 0.426000
vt 0.607143 0.406000
vt 0.607143 0.406000
vt 0.607143 0.426000
vt 0.635714 0.426000
vt 0.607143 0.406000
vt 0.635714 0.426000
vt 0.635714 0.406000
vt 0.635714 0.406000
vt 0.635714 0.426000
vt 0.664286 0.426000
vt 0.635714 0.406000
vt 0.664286 0.426000
vt 0.664286 0.406000
vt 0.664286 0.406000
vt 0.664286 0.426000
vt 0.692857 0.426000
vt 0.664286 0.406000
vt 0.692857 0.426000
vt 0.692857 0.406000
vt 0.692857 0.406000
vt 0.692857 0.426000
vt 0.721429 0.426000
vt 0.692857 0.406000
vt 0.721429 0.426000
vt 0.721429 0.406000
vt 0.721429 0.406000
vt 0.721429 0.426000
vt 0.750000 0.426000
vt 0.721429 0.406000
vt 0.750000 0.426000
vt 0.750000 0.406000
vt 0.750000 0.406000
vt 0.750000 0.426000
vt 0.778571 0.426000
vt 0.750000 0.406000
vt 0.778571 0.426000
vt 0.778571 0.406000
vt 0.778571 0.406000
vt 0.778571 0.426000
vt 0.807143 0.426000
vt 0.778571 0.406000
vt 0.807143 0.426000
vt 0.807143 0.406000
vt 0.807143 0.406000
vt 0.807143 0.426000
vt 0.835714 0.426000
vt 0.807143 0.406000
vt 0.835714 0.426000
vt 0.835714 0.406000
vt 0.835714 0.406000
vt 0.835714 0.426000
vt 0.864286 0.426000
vt 0.835714 0.406000
vt 0.864286 0.426000
vt 0.864286 0.406000
vt 0.864286 0.406000
vt 0.864286 0.426000
vt 0.892857 0.426000
vt 0.864286 0.406000
vt 0.892857 0.426000
vt 0.892857 0.406000
vt 0.892857 0.406000
vt 0.892857 0.426000
vt 0.921429 0.426000
vt 0.892857 0.406000
vt 0.921429 0.426000
vt 0.921429 0.406000
vt 0.921429 0.406000
vt 0.921429 0.426000
vt 0.950000 0.426000
vt 0.921429 0.406000
vt 0.950000 0.426000
vt 0.950000 0.406000
vt 0.550000 0.426000
vt 0.550000 0.450000
vt 0.578571 0.450000
vt 0.550000 0.426000
vt 0.578571 0.450000
vt 0.578571 0.426000
vt 0.578571 0.426000
vt 0.578571 0.450000
vt 0.607143 0.450000
vt 0.578571 0.426000
vt 0.607143 0.450000
vt 0.607143 0.426000
vt 0.607143 0.426000
vt 0.607143 0.450000
vt 0.635714 0.450000
vt 0.607143 0.426000
vt 0.635714 0.450000
vt 0.635714 0.426000
vt 0.635714 0.426000
vt 0.635714 0.450000
vt 0.664286 0.450000
vt 0.635714 0.426000
vt 0.664286 0.450000
vt 0.664286 0.426000
vt 0.664286 0.426000
vt 0.664286 0.450000
vt 0.692857 0.450000
vt 0.664286 0.426000
vt 0.692857 0.450000
vt 0.692857 0.426000
vt 0.692857 0.426000
vt 0.692857 0.450000
vt 0.721429 0.450000
vt 0.692857 0.426000
vt 0.721429 0.450000
vt 0.721429 0.426000
vt 0.721429 0.426000
vt 0.721429 0.450000
vt 0.750000 0.450000
vt 0.721429 0.426000
vt 0.750000 0.450000
vt 0.750000 0.426000
vt 0.750000 0.426000
vt 0.750000 0.450000
vt 0.778571 0.450000
vt 0.750000 0.426000
vt 0.778571 0.450000
vt 0.778571 0.426000
vt 0.778571 0.426000
vt 0.778571 0.450000
vt 0.807143 0.450000
vt 0.778571 0.426000
vt 0.807143 0.450000
vt 0.807143 0.426000
vt 0.807143 0.426000
vt 0.807143 0.450000
vt 0.835714 0.450000
vt 0.807143 0.426000
vt 0.835714 0.450000
vt 0.835714 0.426000
vt 0.835714 0.426000
vt 0.835714 0.450000
vt 0.864286 0.450000
vt 0.835714 0.426000
vt 0.864286 0.450000
vt 0.864286 0.426000
vt 0.864286 0.426000
vt 0.864286 0.450000
vt 0.892857 0.450000
vt 0.864286 0.426000
vt 0.892857 0.450000
vt 0.892857 0.426000
vt 0.892857 0.426000
vt 0.892857 0.450000
vt 0.921429 0.450000
vt 0.892857 0.426000
vt 0.921429 0.450000
vt 0.921429 0.426000
vt 0.921429 0.426000
vt 0.921429 0.450000
vt 0.950000 0.450000
vt 0.921429 0.426000
vt 0.950000 0.450000
vt 0.950000 0.426000
vn 0.000000 0.000000 -1.000000
vn 0.000000 0.000000 -1.000000
vn 0.000000 0.000000 -1.000000
vn 0.000000 0.000000 -1.000000
vn 0.000000 0.000000 -1.000000
vn 0.000000 0.000000 -1.000000
vn 0.000000 0.000000 1.000000
vn 0.000000 0.000000 1.000000
vn 0.000000 0.000000 1.000000
vn 0.000000 0.000000 1.000000
vn 0.000000 0.000000 1.000000
vn 0.000000 0.000000 1.000000
vn -1.000000 0.000000 0.000000
vn -1.000000 0.000000 0.000000
vn -1.000000 0.000000 0.000000
vn -1.000000 0.000000 0.000000
vn -1.000000 0.000000 0.000000
vn -1.000000 0.000000 0.000000
vn 1.000000 0.000000 0.000000
vn 1.000000 0.000000 0.000000
vn 1.000000 0.000000 0.000000
vn 1.000000 0.000000 0.000000
vn 1.000000 0.000000 0.000000
vn 1.000000 0.000000 0.000000
vn 0.000000 -1.000000 0.000000
vn 0.000000 -1.000000 0.000000
vn 0.000000 -1.000000 0.000000
vn 0.000000 -1.000000 0.000000
vn 0.000000 -1.000000 0.000000
vn 0.000000 -1.000000 0.000000
vn 0.000000 1.000000 0.000000
vn 0.000000 1.000000 0.000000
vn 0.000000 1.000000 0.000000
vn 0.000000 1.000000 0.000000
vn 0.000000 1.000000 0.000000
vn 0.000000 1.000000 0.000000
vn 0.000000 0.000000 -1.000000
vn 0.000000 0.000000 -1.000000
vn 0.000000 0.000000 -1.000000
vn 0.000000 0.000000 -1.000000
vn 0.000000 0.000000 -1.000000
vn 0.000000 0.000000 -1.000000
vn 0.000000 0.000000 1.000000
vn 0.000000 0.000000 1.000000
vn 0.000000 0.000000 1.000000
vn 0.000000 0.000000 1.000000
vn 0.000000 0.000000 1.000000
vn 0.000000 0.000000 1.000000
vn -1.000000 0.000000 0.000000
vn -1.000000 0.000000 0.000000
vn -1.000000 0.000000 0.000000
vn -1.000000 0.000000 0.000000
vn -1.000000 0.000000 0.000000
vn -1.000000 0.000000 0.000000
vn 1.000000 0.000000 0.000000
vn 1.000000 0.000000 0.000000
vn 1.000000 0.000000 0.000000
vn 1.000000 0.000000 0.000000
vn 1.000000 0.000000 0.000000
vn 1.000000 0.000000 0.000000
vn 0.000000 -1.000000 0.000000
vn 0.000000 -1.000000 0.000000
vn 0.000000 -1.000000 0.000000
vn 0.000000 -1.000000 0.000000
vn 0.000000 -1.000000 0.000000
vn 0.000000 -1.000000 0.000000
vn 0.000000 1.000000 0.000000
vn 0.000000 1.000000 0.000000
vn 0.000000 1.000000 0.000000
vn 0.000000 1.000000 0.000000
vn 0.000000 1.000000 0.000000
vn 0.000000 1.000000 0.000000
vn 0.000000 0.000000 -1.000000
vn 0.000000 0.000000 -1.000000
vn 0.000000 0.000000 -1.000000
vn 0.000000 0.000000 -1.000000
vn 0.000000 0.000000 -1.000000
vn 0.000000 0.000000 -1.000000
vn 0.000000 0.000000 1.000000
vn 0.000000 0.000000 1.000000
vn 0.000000 0.000000 1.000000
vn 0.000000 0.000000 1.000000
vn 0.000000 0.000000 1.000000
vn 0.000000 0.000000 1.000000
vn -1.000000 0.000000 0.000000
vn -1.000000 0.000000 0.000000
vn -1.000000 0.000000 0.000000
vn -1.000000 0.000000 0.000000
vn -1.000000 0.000000 0.000000
vn -1.000000 0.000000 0.000000
vn 1.000000 0.000000 0.000000
vn 1.000000 0.000000 0.000000
vn 1.000000 0.000000 0.000000
vn 1.000000 0.000000 0.000000
vn 1.000000 0.000000 0.000000
vn 1.000000 0.000000 0.000000
vn 0.000000 -1.000000 0.000000
vn 0.000000 -1.000000 0.000000
vn 0.000000 -1.000000 0.000000
vn 0.000000 -1.000000 0.000000
vn 0.000000 -1.000000 0.000000
vn 0.000000 -1.000000 0.000000
vn 0.000000 1.000000 0.000000
vn 0.000000 1.000000 0.000000
vn 0.000000 1.000000 0.000000
vn 0.000000 1.000000 0.000000
vn 0.000000 1.000000 0.000000
vn 0.000000 1.000000 0.000000
vn 0.000000 0.000000 -1.000000
vn 0.000000 0.000000 -1.000000
vn 0.000000 0.000000 -1.000000
vn 0.000000 0.000000 -1.000000
vn 0.000000 0.000000 -1.000000
vn 0.000000 0.000000 -1.000000
vn 0.000000 0.000000 1.000000
vn 0.000000 0.000000 1.000000
vn 0.000000 0.000000 1.000000
vn 0.000000 0.000000 1.000000
vn 0.000000 0.000000 1.000000
vn 0.000000 0.000000 1.000000
vn -1.000000 0.000000 0.000000
vn -1.000000 0.000000 0.000000
vn -1.000000 0.000000 0.000000
vn -1.000000 0.000000 0.000000
vn -1.000000 0.000000 0.000000
vn -1.000000 0.000000 0.000000
vn 1.000000 0.000000 0.000000
vn 1.000000 0.000000 0.000000
vn 1.000000 0.000000 0.000000
vn 1.000000 0.000000 0.000000
vn 1.000000 0.000000 0.000000
vn 1.000000 0.000000 0.000000
vn 0.000000 -1.000000 0.000000
vn 0.000000 -1.000000 0.000000
vn 0.000000 -1.000000 0.000000
vn 0.000000 -1.000000 0.000000
vn 0.000000 -1.000000 0.000000
vn 0.000000 -1.000000 0.000000
vn 0.000000 1.000000 0.000000
vn 0.000000 1.000000 0.000000
vn 0.000000 1.000000 0.000000
vn 0.000000 1.000000 0.000000
vn 0.000000 1.000000 0.000000
vn 0.000000 1.000000 0.000000
vn 0.000000 0.000000 -1.000000
vn 0.000000 0.000000 -1.000000
vn 0.000000 0.000000 -1.000000
vn 0.000000 0.000000 -1.000000
vn 0.000000 0.000000 -1.000000
vn 0.000000 0.000000 -1.000000
vn 0.000000 0.000000 1.000000
vn 0.000000 0.000000 1.000000
vn 0.000000 0.000000 1.000000
vn 0.000000 0.000000 1.000000
vn 0.000000 0.000000 1.000000
vn 0.000000 0.000000 1.000000
vn -1.000000 0.000000 0.000000
vn -1.000000 0.000000 0.000000
vn -1.000000 0.000000 0.000000
vn -1.000000 0.000000 0.000000
vn -1.000000 0.000000 0.000000
vn -1.000000 0.000000 0.000000
vn 1.000000 0.000000 0.000000
vn 1.000000 0.000000 0.000000
vn 1.000000 0.000000 0.000000
vn 1.000000 0.000000 0.000000
vn 1.000000 0.000000 0.000000
vn 1.000000 0.000000 0.000000
vn 0.000000 -1.000000 0.000000
vn 0.000000 -1.000000 0.000000
vn 0.000000 -1.000000 0.000000
vn 0.000000 -1.000000 0.000000
vn 0.000000 -1.000000 0.000000
vn 0.000000 -1.000000 0.000000
vn 0.000000 1.000000 0.000000
vn 0.000000 1.000000 0.000000
vn 0.000000 1.000000 0.000000
vn 0.000000 1.000000 0.000000
vn 0.000000 1.000000 0.000000
vn 0.000000 1.000000 0.000000
vn 0.000000 0.000000 -1.000000
vn 0.000000 0.000000 -1.000000
vn 0.000000 0.000000 -1.000000
vn 0.000000 0.000000 -1.000000
vn 0.000000 0.000000 -1.000000
vn 0.000000 0.000000 -1.000000
vn 0.000000 0.000000 1.000000
vn 0.000000 0.000000 1.000000
vn 0.000000 0.000000 1.000000
vn 0.000000 0.000000 1.000000
vn 0.000000 0.000000 1.000000
vn 0.000000 0.000000 1.000000
vn -1.000000 0.000000 0.000000
vn -1.000000 0.000000 0.000000
vn -1.000000 0.000000 0.000000
vn -1.000000 0.000000 0.000000
vn -1.000000 0.000000 0.000000
vn -1.000000 0.000000 0.000000
vn 1.000000 0.000000 0.000000
vn 1.000000 0.000000 0.000000
vn 1.000000 0.000000 0.000000
vn 1.000000 0.000000 0.000000
vn 1.000000 0.000000 0.000000
vn 1.000000 0.000000 0.000000
vn 0.000000 -1.000000 0.000000
vn 0.000000 -1.000000 0.000000
vn 0.000000 -1.000000 0.000000
vn 0.000000 -1.000000 0.000000
vn 0.000000 -1.000000 0.000000
vn 0.000000 -1.000000 0.000000
vn 0.000000 1.000000 0.000000
vn 0.000000 1.000000 0.000000
vn 0.000000 1.000000 0.000000
vn 0.000000 1.000000 0.000000
vn 0.000000 1.000000 0.000000
vn 0.000000 1.000000 0.000000
vn 0.000000 0.000000 -1.000000
vn 0.000000 0.000000 -1.000000
vn 0.000000 0.000000 -1.000000
vn 0.000000 0.000000 -1.000000
vn 0.000000 0.000000 -1.000000
vn 0.000000 0.000000 -1.000000
vn 0.000000 0.000000 1.000000
vn 0.000000 0.000000 1.000000
vn 0.000000 0.000000 1.000000
vn 0.000000 0.000000 1.000000
vn 0.000000 0.000000 1.000000
vn 0.000000 0.000000 1.000000
vn -1.000000 0.000000 0.000000
vn -1.000000 0.000000 0.000000
vn -1.000000 0.000000 0.000000
vn -1.000000 0.000000 0.000000
vn -1.000000 0.000000 0.000000
vn -1.000000 0.000000 0.000000
vn 1.000000 0.000000 0.000000
vn 1.000000 0.000000 0.000000
vn 1.000000 0.000000 0.000000
vn 1.000000 0.000000 0.000000
vn 1.000000 0.000000 0.000000
vn 1.000000 0.000000 0.000000
vn 0.000000 -1.000000 0.000000
vn 0.000000 -1.000000 0.000000
vn 0.000000 -1.000000 0.000000
vn 0.000000 -1.000000 0.000000
vn 0.000000 -1.000000 0.000000
vn 0.000000 -1.000000 0.000000
vn 0.000000 1.000000 0.000000
vn 0.000000 1.000000 0.000000
vn 0.000000 1.000000 0.000000
vn 0.000000 1.000000 0.000000
vn 0.000000 1.000000 0.000000
vn 0.000000 1.000000 0.000000
vn 0.000000 0.000000 -1.000000
vn 0.000000 0.000000 -1.000000
vn 0.000000 0.000000 -1.000000
vn 0.000000 0.000000 -1.000000
vn 0.000000 0.000000 -1.000000
vn 0.000000 0.000000 -1.000000
vn 0.000000 0.000000 -1.000000
vn 0.000000 0.000000 -1.000000
vn 0.000000 0.000000 -1.000000
vn 0.000000 0.000000 -1.000000
vn 0.000000 0.000000 -1.000000
vn 0.000000 0.000000 -1.000000
vn 0.000000 0.000000 -1.000000
vn 0.000000 0.000000 -1.000000
vn 0.000000 0.000000 -1.000000
vn 0.000000 0.000000 -1.000000
vn 0.000000 0.000000 -1.000000
vn 0.000000 0.000000 -1.000000
vn 0.000000 0.000000 -1.000000
vn 0.000000 0.000000 -1.000000
vn 0.000000 0.000000 -1.000000
vn 0.000000 0.000000 -1.000000
vn 0.000000 0.000000 -1.000000
vn 0.000000 0.000000 -1.000000
vn 0.000000 0.000000 -1.000000
vn 0.000000 0.000000 -1.000000
vn 0.000000 0.000000 -1.000000
vn 0.000000 0.000000 -1.000000
vn 0.000000 0.000000 -1.000000
vn 0.000000 0.000000 -1.000000
vn -0.000000 0.000000 -1.000000
vn -0.000000 0.000000 -1.000000
vn -0.000000 0.000000 -1.000000
vn -0.000000 0.000000 -1.000000
vn -0.000000 0.000000 -1.000000
vn -0.000000 0.000000 -1.000000
vn 0.000000 0.000000 -1.000000
vn 0.000000 0.000000 -1.000000
vn 0.000000 0.000000 -1.000000
vn 0.000000 0.000000 1.000000
vn 0.000000 0.000000 1.000000
vn 0.000000 0.000000 1.000000
vn 0.000000 0.000000 1.000000
vn 0.000000 0.000000 1.000000
vn 0.000000 0.000000 1.000000
vn 0.000000 0.000000 1.000000
vn 0.000000 0.000000 1.000000
vn 0.000000 0.000000 1.000000
vn 0.000000 0.000000 1.000000
vn 0.000000 0.000000 1.000000
vn 0.000000 0.000000 1.000000
vn 0.000000 0.000000 1.000000
vn 0.000000 0.000000 1.000000
vn 0.000000 0.000000 1.000000
vn 0.000000 0.000000 1.000000
vn 0.000000 0.000000 1.000000
vn 0.000000 0.000000 1.000000
vn 0.000000 0.000000 1.000000
vn 0.000000 0.000000 1.000000
vn 0.000000 0.000000 1.000000
vn 0.000000 0.000000 1.000000
vn 0.000000 0.000000 1.000000
vn 0.000000 0.000000 1.000000
vn 0.000000 0.000000 1.000000
vn 0.000000 0.000000 1.000000
vn 0.000000 0.000000 1.000000
vn 0.000000 0.000000 1.000000
vn 0.000000 0.000000 1.000000
vn 0.000000 0.000000 1.000000
vn 0.000000 0.000000 -1.000000
vn 0.000000 0.000000 -1.000000
vn 0.000000 0.000000 -1.000000
vn 0.308839 0.207421 -0.928222
vn 0.308839 0.207421 -0.928222
vn 0.308839 0.207421 -0.928222
vn 0.308839 0.207421 -0.928222
vn 0.308839 0.207421 -0.928222
vn 0.308839 0.207421 -0.928222
vn 0.273799 0.299832 -0.913857
vn 0.273799 0.299832 -0.913857
vn 0.273799 0.299832 -0.913857
vn 0.273799 0.299832 -0.913857
vn 0.273799 0.299832 -0.913857
vn 0.273799 0.299832 -0.913857
vn 0.175566 0.406974 -0.896409
vn 0.175566 0.406974 -0.896409
vn 0.175566 0.406974 -0.896409
vn 0.175566 0.406974 -0.896409
vn 0.175566 0.406974 -0.896409
vn 0.175566 0.406974 -0.896409
vn -0.068522 0.480281 -0.874434
vn -0.068522 0.480281 -0.874434
vn -0.068522 0.480281 -0.874434
vn -0.068522 0.480281 -0.874434
vn -0.068522 0.480281 -0.874434
vn -0.068522 0.480281 -0.874434
vn -0.099677 0.470726 -0.876631
vn -0.099677 0.470726 -0.876631
vn -0.099677 0.470726 -0.876631
vn -0.099677 0.470726 -0.876631
vn -0.099677 0.470726 -0.876631
vn -0.099677 0.470726 -0.876631
vn -0.242188 0.323486 -0.914714
vn -0.242188 0.323486 -0.914714
vn -0.242188 0.323486 -0.914714
vn -0.242188 0.323486 -0.914714
vn -0.242188 0.323486 -0.914714
vn -0.242188 0.323486 -0.914714
vn -0.348162 0.015507 -0.937306
vn -0.348162 0.015507 -0.937306
vn -0.348162 0.015507 -0.937306
vn -0.348162 0.015507 -0.937306
vn -0.348162 0.015507 -0.937306
vn -0.348162 0.015507 -0.937306
vn -0.348162 -0.015507 -0.937306
vn -0.348162 -0.015507 -0.937306
vn -0.348162 -0.015507 -0.937306
vn -0.348162 -0.015507 -0.937306
vn -0.348162 -0.015507 -0.937306
vn -0.348162 -0.015507 -0.937306
vn -0.242188 -0.323486 -0.914714
vn -0.242188 -0.323486 -0.914714
vn -0.242188 -0.323486 -0.914714
vn -0.242188 -0.323486 -0.914714
vn -0.242188 -0.323486 -0.914714
vn -0.242188 -0.323486 -0.914714
vn -0.099677 -0.470726 -0.876631
vn -0.099677 -0.470726 -0.876631
vn -0.099677 -0.470726 -0.876631
vn -0.099677 -0.470726 -0.876631
vn -0.099677 -0.470726 -0.876631
vn -0.099677 -0.470726 -0.876631
vn -0.068522 -0.480281 -0.874434
vn -0.068522 -0.480281 -0.874434
vn -0.068522 -0.480281 -0.874434
vn -0.068522 -0.480281 -0.874434
vn -0.068522 -0.480281 -0.874434
vn -0.068522 -0.480281 -0.874434
vn 0.175566 -0.406974 -0.896409
vn 0.175566 -0.406974 -0.896409
vn 0.175566 -0.406974 -0.896409
vn 0.175566 -0.406974 -0.896409
vn 0.175566 -0.406974 -0.896409
vn 0.175566 -0.406974 -0.896409
vn 0.273799 -0.299832 -0.913857
vn 0.273799 -0.299832 -0.913857
vn 0.273799 -0.299832 -0.913857
vn 0.273799 -0.299832 -0.913857
vn 0.273799 -0.299832 -0.913857
vn 0.273799 -0.299832 -0.913857
vn 0.308839 -0.207421 -0.928222
vn 0.308839 -0.207421 -0.928222
vn 0.308839 -0.207421 -0.928222
vn 0.308839 -0.207421 -0.928222
vn 0.308839 -0.207421 -0.928222
vn 0.308839 -0.207421 -0.928222
vn 0.638258 0.428664 -0.639433
vn 0.638258 0.428664 -0.639433
vn 0.638258 0.428664 -0.639433
vn 0.638258 0.428664 -0.639433
vn 0.638258 0.428664 -0.639433
vn 0.638258 0.428664 -0.639433
vn 0.539398 0.590686 -0.600116
vn 0.539398 0.590686 -0.600116
vn 0.539398 0.590686 -0.600116
vn 0.539398 0.590686 -0.600116
vn 0.539398 0.590686 -0.600116
vn 0.539398 0.590686 -0.600116
vn 0.328443 0.761351 -0.558990
vn 0.328443 0.761351 -0.558990
vn 0.328443 0.761351 -0.558990
vn 0.328443 0.761351 -0.558990
vn 0.328443 0.761351 -0.558990
vn 0.328443 0.761351 -0.558990
vn -0.121069 0.848594 -0.515005
vn -0.121069 0.848594 -0.515005
vn -0.121069 0.848594 -0.515005
vn -0.121069 0.848594 -0.515005
vn -0.121069 0.848594 -0.515005
vn -0.121069 0.848594 -0.515005
vn -0.177065 0.836187 -0.519076
vn -0.177065 0.836187 -0.519076
vn -0.177065 0.836187 -0.519076
vn -0.177065 0.836187 -0.519076
vn -0.177065 0.836187 -0.519076
vn -0.177065 0.836187 -0.519076
vn -0.478419 0.639015 -0.602309
vn -0.478419 0.639015 -0.602309
vn -0.478419 0.639015 -0.602309
vn -0.478419 0.639015 -0.602309
vn -0.478419 0.639015 -0.602309
vn -0.478419 0.639015 -0.602309
vn -0.743853 0.033132 -0.667522
vn -0.743853 0.033132 -0.667522
vn -0.743853 0.033132 -0.667522
vn -0.743853 0.033132 -0.667522
vn -0.743853 0.033132 -0.667522
vn -0.743853 0.033132 -0.667522
vn -0.743853 -0.033132 -0.667522
vn -0.743853 -0.033132 -0.667522
vn -0.743853 -0.033132 -0.667522
vn -0.743853 -0.033132 -0.667522
vn -0.743853 -0.033132 -0.667522
vn -0.743853 -0.033132 -0.667522
vn -0.478419 -0.639015 -0.602309
vn -0.478419 -0.639015 -0.602309
vn -0.478419 -0.639015 -0.602309
vn -0.478419 -0.639015 -0.602309
vn -0.478419 -0.639015 -0.602309
vn -0.478419 -0.639015 -0.602309
vn -0.177065 -0.836187 -0.519076
vn -0.177065 -0.836187 -0.519076
vn -0.177065 -0.836187 -0.519076
vn -0.177065 -0.836187 -0.519076
vn -0.177065 -0.836187 -0.519076
vn -0.177065 -0.836187 -0.519076
vn -0.121069 -0.848594 -0.515005
vn -0.121069 -0.848594 -0.515005
vn -0.121069 -0.848594 -0.515005
vn -0.121069 -0.848594 -0.515005
vn -0.121069 -0.848594 -0.515005
vn -0.121069 -0.848594 -0.515005
vn 0.328443 -0.761351 -0.558990
vn 0.328443 -0.761351 -0.558990
vn 0.328443 -0.761351 -0.558990
vn 0.328443 -0.761351 -0.558990
vn 0.328443 -0.761351 -0.558990
vn 0.328443 -0.761351 -0.558990
vn 0.539398 -0.590686 -0.600116
vn 0.539398 -0.590686 -0.600116
vn 0.539398 -0.590686 -0.600116
vn 0.539398 -0.590686 -0.600116
vn 0.539398 -0.590686 -0.600116
vn 0.539398 -0.590686 -0.600116
vn 0.638258 -0.428664 -0.639433
vn 0.638258 -0.428664 -0.639433
vn 0.638258 -0.428664 -0.639433
vn 0.638258 -0.428664 -0.639433
vn 0.638258 -0.428664 -0.639433
vn 0.638258 -0.428664 -0.639433
vn 0.813951 0.546663 -0.196581
vn 0.813951 0.546663 -0.196581
vn 0.813951 0.546663 -0.196581
vn 0.813951 0.546663 -0.196581
vn 0.813951 0.546663 -0.196581
vn 0.813951 0.546663 -0.196581
vn 0.663556 0.726650 -0.177971
vn 0.663556 0.726650 -0.177971
vn 0.663556 0.726650 -0.177971
vn 0.663556 0.726650 -0.177971
vn 0.663556 0.726650 -0.177971
vn 0.663556 0.726650 -0.177971
vn 0.390978 0.906313 -0.160414
vn 0.390978 0.906313 -0.160414
vn 0.390978 0.906313 -0.160414
vn 0.390978 0.906313 -0.160414
vn 0.390978 0.906313 -0.160414
vn 0.390978 0.906313 -0.160414
vn -0.139782 0.979752 -0.143342
vn -0.139782 0.979752 -0.143342
vn -0.139782 0.979752 -0.143342
vn -0.139782 0.979752 -0.143342
vn -0.139782 0.979752 -0.143342
vn -0.139782 0.979752 -0.143342
vn -0.204974 0.967989 -0.144858
vn -0.204974 0.967989 -0.144858
vn -0.204974 0.967989 -0.144858
vn -0.204974 0.967989 -0.144858
vn -0.204974 0.967989 -0.144858
vn -0.204974 0.967989 -0.144858
vn -0.589649 0.787583 -0.178958
vn -0.589649 0.787583 -0.178958
vn -0.589649 0.787583 -0.178958
vn -0.589649 0.787583 -0.178958
vn -0.589649 0.787583 -0.178958
vn -0.589649 0.787583 -0.178958
vn -0.976466 0.043493 -0.211242
vn -0.976466 0.043493 -0.211242
vn -0.976466 0.043493 -0.211242
vn -0.976466 0.043493 -0.211242
vn -0.976466 0.043493 -0.211242
vn -0.976466 0.043493 -0.211242
vn -0.976466 -0.043493 -0.211242
vn -0.976466 -0.043493 -0.211242
vn -0.976466 -0.043493 -0.211242
vn -0.976466 -0.043493 -0.211242
vn -0.976466 -0.043493 -0.211242
vn -0.976466 -0.043493 -0.211242
vn -0.589649 -0.787583 -0.178958
vn -0.589649 -0.787583 -0.178958
vn -0.589649 -0.787583 -0.178958
vn -0.589649 -0.787583 -0.178958
vn -0.589649 -0.787583 -0.178958
vn -0.589649 -0.787583 -0.178958
vn -0.204974 -0.967989 -0.144858
vn -0.204974 -0.967989 -0.144858
vn -0.204974 -0.967989 -0.144858
vn -0.204974 -0.967989 -0.144858
vn -0.204974 -0.967989 -0.144858
vn -0.204974 -0.967989 -0.144858
vn -0.139782 -0.979752 -0.143342
vn -0.139782 -0.979752 -0.143342
vn -0.139782 -0.979752 -0.143342
vn -0.139782 -0.979752 -0.143342
vn -0.139782 -0.979752 -0.143342
vn -0.139782 -0.979752 -0.143342
vn 0.390978 -0.906313 -0.160414
vn 0.390978 -0.906313 -0.160414
vn 0.390978 -0.906313 -0.160414
vn 0.390978 -0.906313 -0.160414
vn 0.390978 -0.906313 -0.160414
vn 0.390978 -0.906313 -0.160414
vn 0.663556 -0.726650 -0.177971
vn 0.663556 -0.726650 -0.177971
vn 0.663556 -0.726650 -0.177971
vn 0.663556 -0.726650 -0.177971
vn 0.663556 -0.726650 -0.177971
vn 0.663556 -0.726650 -0.177971
vn 0.813951 -0.546663 -0.196581
vn 0.813951 -0.546663 -0.196581
vn 0.813951 -0.546663 -0.196581
vn 0.813951 -0.546663 -0.196581
vn 0.813951 -0.546663 -0.196581
vn 0.813951 -0.546663 -0.196581
vn 0.829499 0.557105 0.039573
vn 0.829499 0.557105 0.039573
vn 0.829499 0.557105 0.039573
vn 0.829499 0.557105 0.039573
vn 0.829499 0.557105 0.039573
vn 0.829499 0.557105 0.039573
vn 0.673891 0.737967 0.035702
vn 0.673891 0.737967 0.035702
vn 0.673891 0.737967 0.035702
vn 0.673891 0.737967 0.035702
vn 0.673891 0.737967 0.035702
vn 0.673891 0.737967 0.035702
vn 0.395904 0.917731 0.032086
vn 0.395904 0.917731 0.032086
vn 0.395904 0.917731 0.032086
vn 0.395904 0.917731 0.032086
vn 0.395904 0.917731 0.032086
vn 0.395904 0.917731 0.032086
vn -0.141182 0.989570 0.028598
vn -0.141182 0.989570 0.028598
vn -0.141182 0.989570 0.028598
vn -0.141182 0.989570 0.028598
vn -0.141182 0.989570 0.028598
vn -0.141182 0.989570 0.028598
vn -0.207072 0.977898 0.028907
vn -0.207072 0.977898 0.028907
vn -0.207072 0.977898 0.028907
vn -0.207072 0.977898 0.028907
vn -0.207072 0.977898 0.028907
vn -0.207072 0.977898 0.028907
vn -0.598938 0.799990 0.035907
vn -0.598938 0.799990 0.035907
vn -0.598938 0.799990 0.035907
vn -0.598938 0.799990 0.035907
vn -0.598938 0.799990 0.035907
vn -0.598938 0.799990 0.035907
vn -0.998100 0.044456 0.042651
vn -0.998100 0.044456 0.042651
vn -0.998100 0.044456 0.042651
vn -0.998100 0.044456 0.042651
vn -0.998100 0.044456 0.042651
vn -0.998100 0.044456 0.042651
vn -0.998100 -0.044456 0.042651
vn -0.998100 -0.044456 0.042651
vn -0.998100 -0.044456 0.042651
vn -0.998100 -0.044456 0.042651
vn -0.998100 -0.044456 0.042651
vn -0.998100 -0.044456 0.042651
vn -0.598938 -0.799990 0.035907
vn -0.598938 -0.799990 0.035907
vn -0.598938 -0.799990 0.035907
vn -0.598938 -0.799990 0.035907
vn -0.598938 -0.799990 0.035907
vn -0.598938 -0.799990 0.035907
vn -0.207072 -0.977898 0.028907
vn -0.207072 -0.977898 0.028907
vn -0.207072 -0.977898 0.028907
vn -0.207072 -0.977898 0.028907
vn -0.207072 -0.977898 0.028907
vn -0.207072 -0.977898 0.028907
vn -0.141182 -0.989570 0.028598
vn -0.141182 -0.989570 0.028598
vn -0.141182 -0.989570 0.028598
vn -0.141182 -0.989570 0.028598
vn -0.141182 -0.989570 0.028598
vn -0.141182 -0.989570 0.028598
vn 0.395904 -0.917731 0.032086
vn 0.395904 -0.917731 0.032086
vn 0.395904 -0.917731 0.032086
vn 0.395904 -0.917731 0.032086
vn 0.395904 -0.917731 0.032086
vn 0.395904 -0.917731 0.032086
vn 0.673891 -0.737967 0.035702
vn 0.673891 -0.737967 0.035702
vn 0.673891 -0.737967 0.035702
vn 0.673891 -0.737967 0.035702
vn 0.673891 -0.737967 0.035702
vn 0.673891 -0.737967 0.035702
vn 0.829499 -0.557105 0.039573
vn 0.829499 -0.557105 0.039573
vn 0.829499 -0.557105 0.039573
vn 0.829499 -0.557105 0.039573
vn 0.829499 -0.557105 0.039573
vn 0.829499 -0.557105 0.039573
vn 0.800930 0.537918 0.262973
vn 0.800930 0.537918 0.262973
vn 0.800930 0.537918 0.262973
vn 0.800930 0.537918 0.262973
vn 0.800930 0.537918 0.262973
vn 0.800930 0.537918 0.262973
vn 0.654819 0.717081 0.238762
vn 0.654819 0.717081 0.238762
vn 0.654819 0.717081 0.238762
vn 0.654819 0.717081 0.238762
vn 0.654819 0.717081 0.238762
vn 0.654819 0.717081 0.238762
vn 0.386780 0.896582 0.215738
vn 0.386780 0.896582 0.215738
vn 0.386780 0.896582 0.215738
vn 0.386780 0.896582 0.215738
vn 0.386780 0.896582 0.215738
vn 0.386780 0.896582 0.215738
vn -0.138579 0.971325 0.193194
vn -0.138579 0.971325 0.193194
vn -0.138579 0.971325 0.193194
vn -0.138579 0.971325 0.193194
vn -0.138579 0.971325 0.193194
vn -0.138579 0.971325 0.193194
vn -0.203174 0.959488 0.195202
vn -0.203174 0.959488 0.195202
vn -0.203174 0.959488 0.195202
vn -0.203174 0.959488 0.195202
vn -0.203174 0.959488 0.195202
vn -0.203174 0.959488 0.195202
vn -0.581800 0.777100 0.240050
vn -0.581800 0.777100 0.240050
vn -0.581800 0.777100 0.240050
vn -0.581800 0.777100 0.240050
vn -0.581800 0.777100 0.240050
vn -0.581800 0.777100 0.240050
vn -0.958495 0.042692 0.281894
vn -0.958495 0.042692 0.281894
vn -0.958495 0.042692 0.281894
vn -0.958495 0.042692 0.281894
vn -0.958495 0.042692 0.281894
vn -0.958495 0.042692 0.281894
vn -0.958495 -0.042692 0.281894
vn -0.958495 -0.042692 0.281894
vn -0.958495 -0.042692 0.281894
vn -0.958495 -0.042692 0.281894
vn -0.958495 -0.042692 0.281894
vn -0.958495 -0.042692 0.281894
vn -0.581800 -0.777100 0.240050
vn -0.581800 -0.777100 0.240050
vn -0.581800 -0.777100 0.240050
vn -0.581800 -0.777100 0.240050
vn -0.581800 -0.777100 0.240050
vn -0.581800 -0.777100 0.240050
vn -0.203174 -0.959488 0.195202
vn -0.203174 -0.959488 0.195202
vn -0.203174 -0.959488 0.195202
vn -0.203174 -0.959488 0.195202
vn -0.203174 -0.959488 0.195202
vn -0.203174 -0.959488 0.195202
vn -0.138579 -0.971325 0.193194
vn -0.138579 -0.971325 0.193194
vn -0.138579 -0.971325 0.193194
vn -0.138579 -0.971325 0.193194
vn -0.138579 -0.971325 0.193194
vn -0.138579 -0.971325 0.193194
vn 0.386780 -0.896582 0.215738
vn 0.386780 -0.896582 0.215738
vn 0.386780 -0.896582 0.215738
vn 0.386780 -0.896582 0.215738
vn 0.386780 -0.896582 0.215738
vn 0.386780 -0.896582 0.215738
vn 0.654819 -0.717081 0.238762
vn 0.654819 -0.717081 0.238762
vn 0.654819 -0.717081 0.238762
vn 0.654819 -0.717081 0.238762
vn 0.654819 -0.717081 0.238762
vn 0.654819 -0.717081 0.238762
vn 0.800930 -0.537918 0.262973
vn 0.800930 -0.537918 0.262973
vn 0.800930 -0.537918 0.262973
vn 0.800930 -0.537918 0.262973
vn 0.800930 -0.537918 0.262973
vn 0.800930 -0.537918 0.262973
vn 0.577790 0.589221 0.564781
vn 0.577790 0.589221 0.564781
vn 0.577790 0.589221 0.564781
vn 0.711945 0.478154 0.514298
vn 0.711945 0.478154 0.514298
vn 0.711945 0.478154 0.514298
vn 0.601317 0.589369 0.539502
vn 0.601317 0.589369 0.539502
vn 0.601317 0.589369 0.539502
vn 0.559943 0.613185 0.557197
vn 0.559943 0.613185 0.557197
vn 0.559943 0.613185 0.557197
vn 0.438250 0.785228 0.437440
vn 0.438250 0.785228 0.437440
vn 0.438250 0.785228 0.437440
vn 0.343812 0.796979 0.496606
vn 0.343812 0.796979 0.496606
vn 0.343812 0.796979 0.496606
vn -0.238719 0.836609 0.493050
vn -0.238719 0.836609 0.493050
vn -0.238719 0.836609 0.493050
vn -0.129324 0.906453 0.402019
vn -0.129324 0.906453 0.402019
vn -0.129324 0.906453 0.402019
vn -0.105125 0.906587 0.408716
vn -0.105125 0.906587 0.408716
vn -0.105125 0.906587 0.408716
vn -0.180504 0.852431 0.490692
vn -0.180504 0.852431 0.490692
vn -0.180504 0.852431 0.490692
vn -0.493842 0.721829 0.484854
vn -0.493842 0.721829 0.484854
vn -0.493842 0.721829 0.484854
vn -0.513051 0.685272 0.516895
vn -0.513051 0.685272 0.516895
vn -0.513051 0.685272 0.516895
vn -0.752171 -0.179627 0.634013
vn -0.752171 -0.179627 0.634013
vn -0.752171 -0.179627 0.634013
vn -0.826078 0.036794 0.562353
vn -0.826078 0.036794 0.562353
vn -0.826078 0.036794 0.562353
vn -0.832721 0.198863 0.516749
vn -0.832721 0.198863 0.516749
vn -0.832721 0.198863 0.516749
vn -0.764164 -0.034037 0.644123
vn -0.764164 -0.034037 0.644123
vn -0.764164 -0.034037 0.644123
vn -0.484826 -0.708651 0.512598
vn -0.484826 -0.708651 0.512598
vn -0.484826 -0.708651 0.512598
vn -0.520147 -0.694750 0.496760
vn -0.520147 -0.694750 0.496760
vn -0.520147 -0.694750 0.496760
vn -0.100752 -0.868881 0.484660
vn -0.100752 -0.868881 0.484660
vn -0.100752 -0.868881 0.484660
vn -0.186320 -0.879897 0.437110
vn -0.186320 -0.879897 0.437110
vn -0.186320 -0.879897 0.437110
vn -0.254389 -0.891528 0.374785
vn -0.254389 -0.891528 0.374785
vn -0.254389 -0.891528 0.374785
vn -0.123384 -0.864815 0.486694
vn -0.123384 -0.864815 0.486694
vn -0.123384 -0.864815 0.486694
vn 0.418081 -0.749089 0.513881
vn 0.418081 -0.749089 0.513881
vn 0.418081 -0.749089 0.513881
vn 0.355327 -0.823670 0.441939
vn 0.355327 -0.823670 0.441939
vn 0.355327 -0.823670 0.441939
vn 0.587414 -0.575742 0.568741
vn 0.587414 -0.575742 0.568741
vn 0.587414 -0.575742 0.568741
vn 0.568811 -0.622895 0.537081
vn 0.568811 -0.622895 0.537081
vn 0.568811 -0.622895 0.537081
vn 0.624780 -0.637142 0.451331
vn 0.624780 -0.637142 0.451331
vn 0.624780 -0.637142 0.451331
vn 0.666076 -0.447348 0.596845
vn 0.666076 -0.447348 0.596845
vn 0.666076 -0.447348 0.596845
vn 0.361203 0.368350 0.856651
vn 0.361203 0.368350 0.856651
vn 0.361203 0.368350 0.856651
vn 0.361203 0.368350 0.856651
vn 0.361203 0.368350 0.856651
vn 0.361203 0.368350 0.856651
vn 0.365656 0.358391 0.858983
vn 0.365656 0.358391 0.858983
vn 0.365656 0.358391 0.858983
vn 0.365656 0.358391 0.858983
vn 0.365656 0.358391 0.858983
vn 0.365656 0.358391 0.858983
vn 0.262002 0.469439 0.843198
vn 0.262002 0.469439 0.843198
vn 0.262002 0.469439 0.843198
vn 0.262002 0.469439 0.843198
vn 0.262002 0.469439 0.843198
vn 0.262002 0.469439 0.843198
vn -0.167023 0.585347 0.793392
vn -0.167023 0.585347 0.793392
vn -0.167023 0.585347 0.793392
vn -0.167023 0.585347 0.793392
vn -0.167023 0.585347 0.793392
vn -0.167023 0.585347 0.793392
vn -0.071108 0.613231 0.786696
vn -0.071108 0.613231 0.786696
vn -0.071108 0.613231 0.786696
vn -0.071108 0.613231 0.786696
vn -0.071108 0.613231 0.786696
vn -0.071108 0.613231 0.786696
vn -0.286440 0.418678 0.861778
vn -0.286440 0.418678 0.861778
vn -0.286440 0.418678 0.861778
vn -0.286440 0.418678 0.861778
vn -0.286440 0.418678 0.861778
vn -0.286440 0.418678 0.861778
vn -0.462591 -0.110472 0.879662
vn -0.462591 -0.110472 0.879662
vn -0.462591 -0.110472 0.879662
vn -0.462591 -0.110472 0.879662
vn -0.462591 -0.110472 0.879662
vn -0.462591 -0.110472 0.879662
vn -0.462591 0.110472 0.879662
vn -0.462591 0.110472 0.879662
vn -0.462591 0.110472 0.879662
vn -0.462591 0.110472 0.879662
vn -0.462591 0.110472 0.879662
vn -0.462591 0.110472 0.879662
vn -0.286440 -0.418678 0.861778
vn -0.286440 -0.418678 0.861778
vn -0.286440 -0.418678 0.861778
vn -0.286440 -0.418678 0.861778
vn -0.286440 -0.418678 0.861778
vn -0.286440 -0.418678 0.861778
vn -0.071108 -0.613231 0.786696
vn -0.071108 -0.613231 0.786696
vn -0.071108 -0.613231 0.786696
vn -0.071108 -0.613231 0.786696
vn -0.071108 -0.613231 0.786696
vn -0.071108 -0.613231 0.786696
vn -0.167023 -0.585347 0.793392
vn -0.167023 -0.585347 0.793392
vn -0.167023 -0.585347 0.793392
vn -0.167023 -0.585347 0.793392
vn -0.167023 -0.585347 0.793392
vn -0.167023 -0.585347 0.793392
vn 0.262002 -0.469439 0.843198
vn 0.262002 -0.469439 0.843198
vn 0.262002 -0.469439 0.843198
vn 0.262002 -0.469439 0.843198
vn 0.262002 -0.469439 0.843198
vn 0.262002 -0.469439 0.843198
vn 0.365656 -0.358391 0.858983
vn 0.365656 -0.358391 0.858983
vn 0.365656 -0.358391 0.858983
vn 0.365656 -0.358391 0.858983
vn 0.365656 -0.358391 0.858983
vn 0.365656 -0.358391 0.858983
vn 0.361203 -0.368350 0.856651
vn 0.361203 -0.368350 0.856651
vn 0.361203 -0.368350 0.856651
vn 0.361203 -0.368350 0.856651
vn 0.361203 -0.368350 0.856651
vn 0.361203 -0.368350 0.856651
vn 0.667552 0.680760 0.301563
vn 0.667552 0.680760 0.301563
vn 0.667552 0.680760 0.301563
vn 0.667552 0.680760 0.301563
vn 0.667552 0.680760 0.301563
vn 0.667552 0.680760 0.301563
vn 0.680276 0.666759 0.304395
vn 0.680276 0.666759 0.304395
vn 0.680276 0.666759 0.304395
vn 0.680276 0.666759 0.304395
vn 0.680276 0.666759 0.304395
vn 0.680276 0.666759 0.304395
vn 0.466959 0.836667 0.286249
vn 0.466959 0.836667 0.286249
vn 0.466959 0.836667 0.286249
vn 0.466959 0.836667 0.286249
vn 0.466959 0.836667 0.286249
vn 0.466959 0.836667 0.286249
vn -0.266305 0.933287 0.240952
vn -0.266305 0.933287 0.240952
vn -0.266305 0.933287 0.240952
vn -0.266305 0.933287 0.240952
vn -0.266305 0.933287 0.240952
vn -0.266305 0.933287 0.240952
vn -0.111934 0.965314 0.235880
vn -0.111934 0.965314 0.235880
vn -0.111934 0.965314 0.235880
vn -0.111934 0.965314 0.235880
vn -0.111934 0.965314 0.235880
vn -0.111934 0.965314 0.235880
vn -0.537227 0.785243 0.307865
vn -0.537227 0.785243 0.307865
vn -0.537227 0.785243 0.307865
vn -0.537227 0.785243 0.307865
vn -0.537227 0.785243 0.307865
vn -0.537227 0.785243 0.307865
vn -0.917382 -0.219082 0.332284
vn -0.917382 -0.219082 0.332284
vn -0.917382 -0.219082 0.332284
vn -0.917382 -0.219082 0.332284
vn -0.917382 -0.219082 0.332284
vn -0.917382 -0.219082 0.332284
vn -0.917382 0.219082 0.332284
vn -0.917382 0.219082 0.332284
vn -0.917382 0.219082 0.332284
vn -0.917382 0.219082 0.332284
vn -0.917382 0.219082 0.332284
vn -0.917382 0.219082 0.332284
vn -0.537227 -0.785243 0.307865
vn -0.537227 -0.785243 0.307865
vn -0.537227 -0.785243 0.307865
vn -0.537227 -0.785243 0.307865
vn -0.537227 -0.785243 0.307865
vn -0.537227 -0.785243 0.307865
vn -0.111934 -0.965314 0.235880
vn -0.111934 -0.965314 0.235880
vn -0.111934 -0.965314 0.235880
vn -0.111934 -0.965314 0.235880
vn -0.111934 -0.965314 0.235880
vn -0.111934 -0.965314 0.235880
vn -0.266305 -0.933287 0.240952
vn -0.266305 -0.933287 0.240952
vn -0.266305 -0.933287 0.240952
vn -0.266305 -0.933287 0.240952
vn -0.266305 -0.933287 0.240952
vn -0.266305 -0.933287 0.240952
vn 0.466959 -0.836667 0.286249
vn 0.466959 -0.836667 0.286249
vn 0.466959 -0.836667 0.286249
vn 0.466959 -0.836667 0.286249
vn 0.466959 -0.836667 0.286249
vn 0.466959 -0.836667 0.286249
vn 0.680276 -0.666759 0.304395
vn 0.680276 -0.666759 0.304395
vn 0.680276 -0.666759 0.304395
vn 0.680276 -0.666759 0.304395
vn 0.680276 -0.666759 0.304395
vn 0.680276 -0.666759 0.304395
vn 0.667552 -0.680760 0.301563
vn 0.667552 -0.680760 0.301563
vn 0.667552 -0.680760 0.301563
vn 0.667552 -0.680760 0.301563
vn 0.667552 -0.680760 0.301563
vn 0.667552 -0.680760 0.301563
vn 0.524150 0.534521 -0.662989
vn 0.524150 0.534521 -0.662989
vn 0.524150 0.534521 -0.662989
vn 0.524150 0.534521 -0.662989
vn 0.524150 0.534521 -0.662989
vn 0.524150 0.534521 -0.662989
vn 0.532218 0.521643 -0.666807
vn 0.532218 0.521643 -0.666807
vn 0.532218 0.521643 -0.666807
vn 0.532218 0.521643 -0.666807
vn 0.532218 0.521643 -0.666807
vn 0.532218 0.521643 -0.666807
vn 0.373811 0.669771 -0.641617
vn 0.373811 0.669771 -0.641617
vn 0.373811 0.669771 -0.641617
vn 0.373811 0.669771 -0.641617
vn 0.373811 0.669771 -0.641617
vn 0.373811 0.669771 -0.641617
vn -0.225301 0.789585 -0.570784
vn -0.225301 0.789585 -0.570784
vn -0.225301 0.789585 -0.570784
vn -0.225301 0.789585 -0.570784
vn -0.225301 0.789585 -0.570784
vn -0.225301 0.789585 -0.570784
vn -0.095265 0.821559 -0.562108
vn -0.095265 0.821559 -0.562108
vn -0.095265 0.821559 -0.562108
vn -0.095265 0.821559 -0.562108
vn -0.095265 0.821559 -0.562108
vn -0.095265 0.821559 -0.562108
vn -0.418446 0.611626 -0.671429
vn -0.418446 0.611626 -0.671429
vn -0.418446 0.611626 -0.671429
vn -0.418446 0.611626 -0.671429
vn -0.418446 0.611626 -0.671429
vn -0.418446 0.611626 -0.671429
vn -0.692443 -0.165364 -0.702266
vn -0.692443 -0.165364 -0.702266
vn -0.692443 -0.165364 -0.702266
vn -0.692443 -0.165364 -0.702266
vn -0.692443 -0.165364 -0.702266
vn -0.692443 -0.165364 -0.702266
vn -0.692443 0.165364 -0.702266
vn -0.692443 0.165364 -0.702266
vn -0.692443 0.165364 -0.702266
vn -0.692443 0.165364 -0.702266
vn -0.692443 0.165364 -0.702266
vn -0.692443 0.165364 -0.702266
vn -0.418446 -0.611626 -0.671429
vn -0.418446 -0.611626 -0.671429
vn -0.418446 -0.611626 -0.671429
vn -0.418446 -0.611626 -0.671429
vn -0.418446 -0.611626 -0.671429
vn -0.418446 -0.611626 -0.671429
vn -0.095265 -0.821559 -0.562108
vn -0.095265 -0.821559 -0.562108
vn -0.095265 -0.821559 -0.562108
vn -0.095265 -0.821559 -0.562108
vn -0.095265 -0.821559 -0.562108
vn -0.095265 -0.821559 -0.562108
vn -0.225301 -0.789585 -0.570784
vn -0.225301 -0.789585 -0.570784
vn -0.225301 -0.789585 -0.570784
vn -0.225301 -0.789585 -0.570784
vn -0.225301 -0.789585 -0.570784
vn -0.225301 -0.789585 -0.570784
vn 0.373811 -0.669771 -0.641617
vn 0.373811 -0.669771 -0.641617
vn 0.373811 -0.669771 -0.641617
vn 0.373811 -0.669771 -0.641617
vn 0.373811 -0.669771 -0.641617
vn 0.373811 -0.669771 -0.641617
vn 0.532218 -0.521643 -0.666807
vn 0.532218 -0.521643 -0.666807
vn 0.532218 -0.521643 -0.666807
vn 0.532218 -0.521643 -0.666807
vn 0.532218 -0.521643 -0.666807
vn 0.532218 -0.521643 -0.666807
vn 0.524150 -0.534521 -0.662989
vn 0.524150 -0.534521 -0.662989
vn 0.524150 -0.534521 -0.662989
vn 0.524150 -0.534521 -0.662989
vn 0.524150 -0.534521 -0.662989
vn 0.524150 -0.534521 -0.662989
vn 0.667552 0.680760 0.301563
vn 0.667552 0.680760 0.301563
vn 0.667552 0.680760 0.301563
vn 0.667552 0.680760 0.301563
vn 0.667552 0.680760 0.301563
vn 0.667552 0.680760 0.301563
vn 0.680276 0.666759 0.304395
vn 0.680276 0.666759 0.304395
vn 0.680276 0.666759 0.304395
vn 0.680276 0.666759 0.304395
vn 0.680276 0.666759 0.304395
vn 0.680276 0.666759 0.304395
vn 0.466959 0.836667 0.286249
vn 0.466959 0.836667 0.286249
vn 0.466959 0.836667 0.286249
vn 0.466959 0.836667 0.286249
vn 0.466959 0.836667 0.286249
vn 0.466959 0.836667 0.286249
vn -0.266305 0.933287 0.240952
vn -0.266305 0.933287 0.240952
vn -0.266305 0.933287 0.240952
vn -0.266305 0.933287 0.240952
vn -0.266305 0.933287 0.240952
vn -0.266305 0.933287 0.240952
vn -0.111934 0.965314 0.235880
vn -0.111934 0.965314 0.235880
vn -0.111934 0.965314 0.235880
vn -0.111934 0.965314 0.235880
vn -0.111934 0.965314 0.235880
vn -0.111934 0.965314 0.235880
vn -0.537227 0.785243 0.307865
vn -0.537227 0.785243 0.307865
vn -0.537227 0.785243 0.307865
vn -0.537227 0.785243 0.307865
vn -0.537227 0.785243 0.307865
vn -0.537227 0.785243 0.307865
vn -0.917382 -0.219082 0.332284
vn -0.917382 -0.219082 0.332284
vn -0.917382 -0.219082 0.332284
vn -0.917382 -0.219082 0.332284
vn -0.917382 -0.219082 0.332284
vn -0.917382 -0.219082 0.332284
vn -0.917382 0.219082 0.332284
vn -0.917382 0.219082 0.332284
vn -0.917382 0.219082 0.332284
vn -0.917382 0.219082 0.332284
vn -0.917382 0.219082 0.332284
vn -0.917382 0.219082 0.332284
vn -0.537227 -0.785243 0.307865
vn -0.537227 -0.785243 0.307865
vn -0.537227 -0.785243 0.307865
vn -0.537227 -0.785243 0.307865
vn -0.537227 -0.785243 0.307865
vn -0.537227 -0.785243 0.307865
vn -0.111934 -0.965314 0.235880
vn -0.111934 -0.965314 0.235880
vn -0.111934 -0.965314 0.235880
vn -0.111934 -0.965314 0.235880
vn -0.111934 -0.965314 0.235880
vn -0.111934 -0.965314 0.235880
vn -0.266305 -0.933287 0.240952
vn -0.266305 -0.933287 0.240952
vn -0.266305 -0.933287 0.240952
vn -0.266305 -0.933287 0.240952
vn -0.266305 -0.933287 0.240952
vn -0.266305 -0.933287 0.240952
vn 0.466959 -0.836667 0.286249
vn 0.466959 -0.836667 0.286249
vn 0.466959 -0.836667 0.286249
vn 0.466959 -0.836667 0.286249
vn 0.466959 -0.836667 0.286249
vn 0.466959 -0.836667 0.286249
vn 0.680276 -0.666759 0.304395
vn 0.680276 -0.666759 0.304395
vn 0.680276 -0.666759 0.304395
vn 0.680276 -0.666759 0.304395
vn 0.680276 -0.666759 0.304395
vn 0.680276 -0.666759 0.304395
vn 0.667552 -0.680760 0.301563
vn 0.667552 -0.680760 0.301563
vn 0.667552 -0.680760 0.301563
vn 0.667552 -0.680760 0.301563
vn 0.667552 -0.680760 0.301563
vn 0.667552 -0.680760 0.301563
vn 0.000000 0.000000 -1.000000
vn 0.000000 0.000000 -1.000000
vn 0.000000 0.000000 -1.000000
vn 0.000000 0.000000 -1.000000
vn 0.000000 0.000000 -1.000000
vn 0.000000 0.000000 -1.000000
vn 0.000000 0.000000 -1.000000
vn 0.000000 0.000000 -1.000000
vn 0.000000 0.000000 -1.000000
vn 0.000000 0.000000 -1.000000
vn 0.000000 0.000000 -1.000000
vn 0.000000 0.000000 -1.000000
vn 0.000000 0.000000 -1.000000
vn 0.000000 0.000000 -1.000000
vn 0.000000 0.000000 -1.000000
vn 0.000000 0.000000 -1.000000
vn 0.000000 0.000000 -1.000000
vn 0.000000 0.000000 -1.000000
vn 0.000000 0.000000 -1.000000
vn 0.000000 0.000000 -1.000000
vn 0.000000 0.000000 -1.000000
vn 0.000000 0.000000 -1.000000
vn 0.000000 0.000000 -1.000000
vn 0.000000 0.000000 -1.000000
vn 0.000000 0.000000 -1.000000
vn 0.000000 0.000000 -1.000000
vn 0.000000 0.000000 -1.000000
vn 0.000000 0.000000 -1.000000
vn 0.000000 0.000000 -1.000000
vn 0.000000 0.000000 -1.000000
vn -0.000000 0.000000 -1.000000
vn -0.000000 0.000000 -1.000000
vn -0.000000 0.000000 -1.000000
vn -0.000000 0.000000 -1.000000
vn -0.000000 0.000000 -1.000000
vn -0.000000 0.000000 -1.000000
vn 0.000000 0.000000 -1.000000
vn 0.000000 0.000000 -1.000000
vn 0.000000 0.000000 -1.000000
vn 0.000000 0.000000 1.000000
vn 0.000000 0.000000 1.000000
vn 0.000000 0.000000 1.000000
vn 0.000000 0.000000 1.000000
vn 0.000000 0.000000 1.000000
vn 0.000000 0.000000 1.000000
vn 0.000000 0.000000 1.000000
vn 0.000000 0.000000 1.000000
vn 0.000000 0.000000 1.000000
vn 0.000000 0.000000 1.000000
vn 0.000000 0.000000 1.000000
vn 0.000000 0.000000 1.000000
vn 0.000000 0.000000 1.000000
vn 0.000000 0.000000 1.000000
vn 0.000000 0.000000 1.000000
vn 0.000000 0.000000 1.000000
vn 0.000000 0.000000 1.000000
vn 0.000000 0.000000 1.000000
vn 0.000000 0.000000 1.000000
vn 0.000000 0.000000 1.000000
vn 0.000000 0.000000 1.000000
vn 0.000000 0.000000 1.000000
vn 0.000000 0.000000 1.000000
vn 0.000000 0.000000 1.000000
vn 0.000000 0.000000 1.000000
vn 0.000000 0.000000 1.000000
vn 0.000000 0.000000 1.000000
vn 0.000000 0.000000 1.000000
vn 0.000000 0.000000 1.000000
vn 0.000000 0.000000 1.000000
vn 0.000000 0.000000 1.000000
vn 0.000000 0.000000 1.000000
vn 0.000000 0.000000 1.000000
vn 0.313598 0.210384 -0.925956
vn 0.313598 0.210384 -0.925956
vn 0.313598 0.210384 -0.925956
vn 0.313598 0.210384 -0.925956
vn 0.313598 0.210384 -0.925956
vn 0.313598 0.210384 -0.925956
vn 0.303489 0.238343 -0.922544
vn 0.303489 0.238343 -0.922544
vn 0.303489 0.238343 -0.922544
vn 0.303489 0.238343 -0.922544
vn 0.303489 0.238343 -0.922544
vn 0.303489 0.238343 -0.922544
vn 0.115637 0.446466 -0.887297
vn 0.115637 0.446466 -0.887297
vn 0.115637 0.446466 -0.887297
vn 0.115637 0.446466 -0.887297
vn 0.115637 0.446466 -0.887297
vn 0.115637 0.446466 -0.887297
vn -0.038053 0.491275 -0.870173
vn -0.038053 0.491275 -0.870173
vn -0.038053 0.491275 -0.870173
vn -0.038053 0.491275 -0.870173
vn -0.038053 0.491275 -0.870173
vn -0.038053 0.491275 -0.870173
vn -0.074948 0.480391 -0.873846
vn -0.074948 0.480391 -0.873846
vn -0.074948 0.480391 -0.873846
vn -0.074948 0.480391 -0.873846
vn -0.074948 0.480391 -0.873846
vn -0.074948 0.480391 -0.873846
vn -0.284738 0.254789 -0.924125
vn -0.284738 0.254789 -0.924125
vn -0.284738 0.254789 -0.924125
vn -0.284738 0.254789 -0.924125
vn -0.284738 0.254789 -0.924125
vn -0.284738 0.254789 -0.924125
vn -0.336404 0.103952 -0.935963
vn -0.336404 0.103952 -0.935963
vn -0.336404 0.103952 -0.935963
vn -0.336404 0.103952 -0.935963
vn -0.336404 0.103952 -0.935963
vn -0.336404 0.103952 -0.935963
vn -0.338148 -0.022863 -0.940815
vn -0.338148 -0.022863 -0.940815
vn -0.338148 -0.022863 -0.940815
vn -0.338148 -0.022863 -0.940815
vn -0.338148 -0.022863 -0.940815
vn -0.338148 -0.022863 -0.940815
vn -0.209420 -0.386023 -0.898404
vn -0.209420 -0.386023 -0.898404
vn -0.209420 -0.386023 -0.898404
vn -0.209420 -0.386023 -0.898404
vn -0.209420 -0.386023 -0.898404
vn -0.209420 -0.386023 -0.898404
vn -0.161461 -0.435829 -0.885429
vn -0.161461 -0.435829 -0.885429
vn -0.161461 -0.435829 -0.885429
vn -0.161461 -0.435829 -0.885429
vn -0.161461 -0.435829 -0.885429
vn -0.161461 -0.435829 -0.885429
vn -0.035450 -0.476422 -0.878502
vn -0.035450 -0.476422 -0.878502
vn -0.035450 -0.476422 -0.878502
vn -0.035450 -0.476422 -0.878502
vn -0.035450 -0.476422 -0.878502
vn -0.035450 -0.476422 -0.878502
vn 0.202041 -0.400661 -0.893672
vn 0.202041 -0.400661 -0.893672
vn 0.202041 -0.400661 -0.893672
vn 0.202041 -0.400661 -0.893672
vn 0.202041 -0.400661 -0.893672
vn 0.202041 -0.400661 -0.893672
vn 0.224447 -0.376720 -0.898724
vn 0.224447 -0.376720 -0.898724
vn 0.224447 -0.376720 -0.898724
vn 0.224447 -0.376720 -0.898724
vn 0.224447 -0.376720 -0.898724
vn 0.224447 -0.376720 -0.898724
vn 0.318234 -0.125688 -0.939643
vn 0.318234 -0.125688 -0.939643
vn 0.318234 -0.125688 -0.939643
vn 0.318234 -0.125688 -0.939643
vn 0.318234 -0.125688 -0.939643
vn 0.318234 -0.125688 -0.939643
vn 0.642987 0.431362 -0.632846
vn 0.642987 0.431362 -0.632846
vn 0.642987 0.431362 -0.632846
vn 0.642987 0.431362 -0.632846
vn 0.642987 0.431362 -0.632846
vn 0.642987 0.431362 -0.632846
vn 0.615054 0.483027 -0.623212
vn 0.615054 0.483027 -0.623212
vn 0.615054 0.483027 -0.623212
vn 0.615054 0.483027 -0.623212
vn 0.615054 0.483027 -0.623212
vn 0.615054 0.483027 -0.623212
vn 0.211060 0.814885 -0.539829
vn 0.211060 0.814885 -0.539829
vn 0.211060 0.814885 -0.539829
vn 0.211060 0.814885 -0.539829
vn 0.211060 0.814885 -0.539829
vn 0.211060 0.814885 -0.539829
vn -0.066552 0.859202 -0.507289
vn -0.066552 0.859202 -0.507289
vn -0.066552 0.859202 -0.507289
vn -0.066552 0.859202 -0.507289
vn -0.066552 0.859202 -0.507289
vn -0.066552 0.859202 -0.507289
vn -0.132235 0.847581 -0.513926
vn -0.132235 0.847581 -0.513926
vn -0.132235 0.847581 -0.513926
vn -0.132235 0.847581 -0.513926
vn -0.132235 0.847581 -0.513926
vn -0.132235 0.847581 -0.513926
vn -0.580152 0.519133 -0.627634
vn -0.580152 0.519133 -0.627634
vn -0.580152 0.519133 -0.627634
vn -0.580152 0.519133 -0.627634
vn -0.580152 0.519133 -0.627634
vn -0.580152 0.519133 -0.627634
vn -0.715090 0.220969 -0.663188
vn -0.715090 0.220969 -0.663188
vn -0.715090 0.220969 -0.663188
vn -0.715090 0.220969 -0.663188
vn -0.715090 0.220969 -0.663188
vn -0.715090 0.220969 -0.663188
vn -0.732315 -0.049514 -0.679163
vn -0.732315 -0.049514 -0.679163
vn -0.732315 -0.049514 -0.679163
vn -0.732315 -0.049514 -0.679163
vn -0.732315 -0.049514 -0.679163
vn -0.732315 -0.049514 -0.679163
vn -0.393976 -0.726214 -0.563380
vn -0.393976 -0.726214 -0.563380
vn -0.393976 -0.726214 -0.563380
vn -0.393976 -0.726214 -0.563380
vn -0.393976 -0.726214 -0.563380
vn -0.393976 -0.726214 -0.563380
vn -0.293262 -0.791598 -0.536070
vn -0.293262 -0.791598 -0.536070
vn -0.293262 -0.791598 -0.536070
vn -0.293262 -0.791598 -0.536070
vn -0.293262 -0.791598 -0.536070
vn -0.293262 -0.791598 -0.536070
vn -0.063264 -0.850230 -0.522595
vn -0.063264 -0.850230 -0.522595
vn -0.063264 -0.850230 -0.522595
vn -0.063264 -0.850230 -0.522595
vn -0.063264 -0.850230 -0.522595
vn -0.063264 -0.850230 -0.522595
vn 0.375123 -0.743895 -0.553084
vn 0.375123 -0.743895 -0.553084
vn 0.375123 -0.743895 -0.553084
vn 0.375123 -0.743895 -0.553084
vn 0.375123 -0.743895 -0.553084
vn 0.375123 -0.743895 -0.553084
vn 0.422628 -0.709355 -0.564093
vn 0.422628 -0.709355 -0.564093
vn 0.422628 -0.709355 -0.564093
vn 0.422628 -0.709355 -0.564093
vn 0.422628 -0.709355 -0.564093
vn 0.422628 -0.709355 -0.564093
vn 0.686044 -0.270956 -0.675223
vn 0.686044 -0.270956 -0.675223
vn 0.686044 -0.270956 -0.675223
vn 0.686044 -0.270956 -0.675223
vn 0.686044 -0.270956 -0.675223
vn 0.686044 -0.270956 -0.675223
vn 0.814769 0.546606 -0.193320
vn 0.814769 0.546606 -0.193320
vn 0.814769 0.546606 -0.193320
vn 0.814769 0.546606 -0.193320
vn 0.814769 0.546606 -0.193320
vn 0.814769 0.546606 -0.193320
vn 0.772338 0.606549 -0.188658
vn 0.772338 0.606549 -0.188658
vn 0.772338 0.606549 -0.188658
vn 0.772338 0.606549 -0.188658
vn 0.772338 0.606549 -0.188658
vn 0.772338 0.606549 -0.188658
vn 0.247789 0.956691 -0.152784
vn 0.247789 0.956691 -0.152784
vn 0.247789 0.956691 -0.152784
vn 0.247789 0.956691 -0.152784
vn 0.247789 0.956691 -0.152784
vn 0.247789 0.956691 -0.152784
vn -0.076460 0.987124 -0.140500
vn -0.076460 0.987124 -0.140500
vn -0.076460 0.987124 -0.140500
vn -0.076460 0.987124 -0.140500
vn -0.076460 0.987124 -0.140500
vn -0.076460 0.987124 -0.140500
vn -0.152567 0.977901 -0.142942
vn -0.152567 0.977901 -0.142942
vn -0.152567 0.977901 -0.142942
vn -0.152567 0.977901 -0.142942
vn -0.152567 0.977901 -0.142942
vn -0.152567 0.977901 -0.142942
vn -0.731522 0.654582 -0.190782
vn -0.731522 0.654582 -0.190782
vn -0.731522 0.654582 -0.190782
vn -0.731522 0.654582 -0.190782
vn -0.731522 0.654582 -0.190782
vn -0.731522 0.654582 -0.190782
vn -0.934346 0.288721 -0.208896
vn -0.934346 0.288721 -0.208896
vn -0.934346 0.288721 -0.208896
vn -0.934346 0.288721 -0.208896
vn -0.934346 0.288721 -0.208896
vn -0.934346 0.288721 -0.208896
vn -0.973789 -0.065841 -0.217714
vn -0.973789 -0.065841 -0.217714
vn -0.973789 -0.065841 -0.217714
vn -0.973789 -0.065841 -0.217714
vn -0.973789 -0.065841 -0.217714
vn -0.973789 -0.065841 -0.217714
vn -0.470539 -0.867342 -0.162208
vn -0.470539 -0.867342 -0.162208
vn -0.470539 -0.867342 -0.162208
vn -0.470539 -0.867342 -0.162208
vn -0.470539 -0.867342 -0.162208
vn -0.470539 -0.867342 -0.162208
vn -0.343394 -0.926920 -0.151323
vn -0.343394 -0.926920 -0.151323
vn -0.343394 -0.926920 -0.151323
vn -0.343394 -0.926920 -0.151323
vn -0.343394 -0.926920 -0.151323
vn -0.343394 -0.926920 -0.151323
vn -0.073406 -0.986531 -0.146179
vn -0.073406 -0.986531 -0.146179
vn -0.073406 -0.986531 -0.146179
vn -0.073406 -0.986531 -0.146179
vn -0.073406 -0.986531 -0.146179
vn -0.073406 -0.986531 -0.146179
vn 0.444603 -0.881678 -0.158028
vn 0.444603 -0.881678 -0.158028
vn 0.444603 -0.881678 -0.158028
vn 0.444603 -0.881678 -0.158028
vn 0.444603 -0.881678 -0.158028
vn 0.444603 -0.881678 -0.158028
vn 0.505032 -0.847665 -0.162501
vn 0.505032 -0.847665 -0.162501
vn 0.505032 -0.847665 -0.162501
vn 0.505032 -0.847665 -0.162501
vn 0.505032 -0.847665 -0.162501
vn 0.505032 -0.847665 -0.162501
vn 0.908234 -0.358710 -0.215496
vn 0.908234 -0.358710 -0.215496
vn 0.908234 -0.358710 -0.215496
vn 0.908234 -0.358710 -0.215496
vn 0.908234 -0.358710 -0.215496
vn 0.908234 -0.358710 -0.215496
vn 0.829807 0.556694 0.038891
vn 0.829807 0.556694 0.038891
vn 0.829807 0.556694 0.038891
vn 0.829807 0.556694 0.038891
vn 0.829807 0.556694 0.038891
vn 0.829807 0.556694 0.038891
vn 0.785895 0.617196 0.037920
vn 0.785895 0.617196 0.037920
vn 0.785895 0.617196 0.037920
vn 0.785895 0.617196 0.037920
vn 0.785895 0.617196 0.037920
vn 0.785895 0.617196 0.037920
vn 0.250616 0.967605 0.030524
vn 0.250616 0.967605 0.030524
vn 0.250616 0.967605 0.030524
vn 0.250616 0.967605 0.030524
vn 0.250616 0.967605 0.030524
vn 0.250616 0.967605 0.030524
vn -0.077196 0.996622 0.028020
vn -0.077196 0.996622 0.028020
vn -0.077196 0.996622 0.028020
vn -0.077196 0.996622 0.028020
vn -0.077196 0.996622 0.028020
vn -0.077196 0.996622 0.028020
vn -0.154088 0.987646 0.028517
vn -0.154088 0.987646 0.028517
vn -0.154088 0.987646 0.028517
vn -0.154088 0.987646 0.028517
vn -0.154088 0.987646 0.028517
vn -0.154088 0.987646 0.028517
vn -0.744661 0.666339 0.038362
vn -0.744661 0.666339 0.038362
vn -0.744661 0.666339 0.038362
vn -0.744661 0.666339 0.038362
vn -0.744661 0.666339 0.038362
vn -0.744661 0.666339 0.038362
vn -0.954576 0.294972 0.042157
vn -0.954576 0.294972 0.042157
vn -0.954576 0.294972 0.042157
vn -0.954576 0.294972 0.042157
vn -0.954576 0.294972 0.042157
vn -0.954576 0.294972 0.042157
vn -0.996755 -0.067394 0.044020
vn -0.996755 -0.067394 0.044020
vn -0.996755 -0.067394 0.044020
vn -0.996755 -0.067394 0.044020
vn -0.996755 -0.067394 0.044020
vn -0.996755 -0.067394 0.044020
vn -0.476603 -0.878520 0.032454
vn -0.476603 -0.878520 0.032454
vn -0.476603 -0.878520 0.032454
vn -0.476603 -0.878520 0.032454
vn -0.476603 -0.878520 0.032454
vn -0.476603 -0.878520 0.032454
vn -0.347236 -0.937290 0.030225
vn -0.347236 -0.937290 0.030225
vn -0.347236 -0.937290 0.030225
vn -0.347236 -0.937290 0.030225
vn -0.347236 -0.937290 0.030225
vn -0.347236 -0.937290 0.030225
vn -0.074171 -0.996819 0.029176
vn -0.074171 -0.996819 0.029176
vn -0.074171 -0.996819 0.029176
vn -0.074171 -0.996819 0.029176
vn -0.074171 -0.996819 0.029176
vn -0.074171 -0.996819 0.029176
vn 0.450036 -0.892451 0.031597
vn 0.450036 -0.892451 0.031597
vn 0.450036 -0.892451 0.031597
vn 0.450036 -0.892451 0.031597
vn 0.450036 -0.892451 0.031597
vn 0.450036 -0.892451 0.031597
vn 0.511564 -0.858630 0.032514
vn 0.511564 -0.858630 0.032514
vn 0.511564 -0.858630 0.032514
vn 0.511564 -0.858630 0.032514
vn 0.511564 -0.858630 0.032514
vn 0.511564 -0.858630 0.032514
vn 0.929204 -0.366993 0.043550
vn 0.929204 -0.366993 0.043550
vn 0.929204 -0.366993 0.043550
vn 0.929204 -0.366993 0.043550
vn 0.929204 -0.366993 0.043550
vn 0.929204 -0.366993 0.043550
vn 0.802155 0.538144 0.258745
vn 0.802155 0.538144 0.258745
vn 0.802155 0.538144 0.258745
vn 0.802155 0.538144 0.258745
vn 0.802155 0.538144 0.258745
vn 0.802155 0.538144 0.258745
vn 0.760938 0.597596 0.252691
vn 0.760938 0.597596 0.252691
vn 0.760938 0.597596 0.252691
vn 0.760938 0.597596 0.252691
vn 0.760938 0.597596 0.252691
vn 0.760938 0.597596 0.252691
vn 0.245372 0.947359 0.205680
vn 0.245372 0.947359 0.205680
vn 0.245372 0.947359 0.205680
vn 0.245372 0.947359 0.205680
vn 0.245372 0.947359 0.205680
vn 0.245372 0.947359 0.205680
vn -0.075828 0.978962 0.189428
vn -0.075828 0.978962 0.189428
vn -0.075828 0.978962 0.189428
vn -0.075828 0.978962 0.189428
vn -0.075828 0.978962 0.189428
vn -0.075828 0.978962 0.189428
vn -0.151262 0.969536 0.192664
vn -0.151262 0.969536 0.192664
vn -0.151262 0.969536 0.192664
vn -0.151262 0.969536 0.192664
vn -0.151262 0.969536 0.192664
vn -0.151262 0.969536 0.192664
vn -0.720485 0.644706 0.255451
vn -0.720485 0.644706 0.255451
vn -0.720485 0.644706 0.255451
vn -0.720485 0.644706 0.255451
vn -0.720485 0.644706 0.255451
vn -0.720485 0.644706 0.255451
vn -0.917521 0.283522 0.278875
vn -0.917521 0.283522 0.278875
vn -0.917521 0.283522 0.278875
vn -0.917521 0.283522 0.278875
vn -0.917521 0.283522 0.278875
vn -0.917521 0.283522 0.278875
vn -0.954786 -0.064556 0.290202
vn -0.954786 -0.064556 0.290202
vn -0.954786 -0.064556 0.290202
vn -0.954786 -0.064556 0.290202
vn -0.954786 -0.064556 0.290202
vn -0.954786 -0.064556 0.290202
vn -0.465374 -0.857823 0.218098
vn -0.465374 -0.857823 0.218098
vn -0.465374 -0.857823 0.218098
vn -0.465374 -0.857823 0.218098
vn -0.465374 -0.857823 0.218098
vn -0.465374 -0.857823 0.218098
vn -0.340108 -0.918048 0.203751
vn -0.340108 -0.918048 0.203751
vn -0.340108 -0.918048 0.203751
vn -0.340108 -0.918048 0.203751
vn -0.340108 -0.918048 0.203751
vn -0.340108 -0.918048 0.203751
vn -0.072750 -0.977711 0.196950
vn -0.072750 -0.977711 0.196950
vn -0.072750 -0.977711 0.196950
vn -0.072750 -0.977711 0.196950
vn -0.072750 -0.977711 0.196950
vn -0.072750 -0.977711 0.196950
vn 0.439968 -0.872486 0.212596
vn 0.439968 -0.872486 0.212596
vn 0.439968 -0.872486 0.212596
vn 0.439968 -0.872486 0.212596
vn 0.439968 -0.872486 0.212596
vn 0.439968 -0.872486 0.212596
vn 0.499469 -0.838329 0.218483
vn 0.499469 -0.838329 0.218483
vn 0.499469 -0.838329 0.218483
vn 0.499469 -0.838329 0.218483
vn 0.499469 -0.838329 0.218483
vn 0.499469 -0.838329 0.218483
vn 0.890859 -0.351848 0.287357
vn 0.890859 -0.351848 0.287357
vn 0.890859 -0.351848 0.287357
vn 0.890859 -0.351848 0.287357
vn 0.890859 -0.351848 0.287357
vn 0.890859 -0.351848 0.287357
vn 0.570277 0.586298 0.575359
vn 0.570277 0.586298 0.575359
vn 0.570277 0.586298 0.575359
vn 0.703583 0.472014 0.531200
vn 0.703583 0.472014 0.531200
vn 0.703583 0.472014 0.531200
vn 0.791426 0.351315 0.500223
vn 0.791426 0.351315 0.500223
vn 0.791426 0.351315 0.500223
vn 0.629769 0.494584 0.598980
vn 0.629769 0.494584 0.598980
vn 0.629769 0.494584 0.598980
vn 0.183947 0.868834 0.459665
vn 0.183947 0.868834 0.459665
vn 0.183947 0.868834 0.459665
vn 0.225908 0.872212 0.433834
vn 0.225908 0.872212 0.433834
vn 0.225908 0.872212 0.433834
vn -0.136749 0.864644 0.483415
vn -0.136749 0.864644 0.483415
vn -0.136749 0.864644 0.483415
vn -0.069691 0.899737 0.430833
vn -0.069691 0.899737 0.430833
vn -0.069691 0.899737 0.430833
vn -0.025896 0.933757 0.356971
vn -0.025896 0.933757 0.356971
vn -0.025896 0.933757 0.356971
vn -0.134954 0.865006 0.483272
vn -0.134954 0.865006 0.483272
vn -0.134954 0.865006 0.483272
vn -0.681287 0.429431 0.592821
vn -0.681287 0.429431 0.592821
vn -0.681287 0.429431 0.592821
vn -0.642946 0.575322 0.505594
vn -0.642946 0.575322 0.505594
vn -0.642946 0.575322 0.505594
vn -0.757486 0.199731 0.621548
vn -0.757486 0.199731 0.621548
vn -0.757486 0.199731 0.621548
vn -0.760018 0.234852 0.605984
vn -0.760018 0.234852 0.605984
vn -0.760018 0.234852 0.605984
vn -0.840306 0.159147 0.518225
vn -0.840306 0.159147 0.518225
vn -0.840306 0.159147 0.518225
vn -0.772009 -0.052198 0.633464
vn -0.772009 -0.052198 0.633464
vn -0.772009 -0.052198 0.633464
vn -0.298694 -0.814816 0.496847
vn -0.298694 -0.814816 0.496847
vn -0.298694 -0.814816 0.496847
vn -0.427866 -0.788683 0.441486
vn -0.427866 -0.788683 0.441486
vn -0.427866 -0.788683 0.441486
vn -0.353589 -0.809541 0.468635
vn -0.353589 -0.809541 0.468635
vn -0.353589 -0.809541 0.468635
vn -0.301331 -0.813379 0.497608
vn -0.301331 -0.813379 0.497608
vn -0.301331 -0.813379 0.497608
vn -0.132386 -0.907109 0.399534
vn -0.132386 -0.907109 0.399534
vn -0.132386 -0.907109 0.399534
vn -0.066013 -0.887172 0.456693
vn -0.066013 -0.887172 0.456693
vn -0.066013 -0.887172 0.456693
vn 0.500850 -0.668655 0.549591
vn 0.500850 -0.668655 0.549591
vn 0.500850 -0.668655 0.549591
vn 0.404590 -0.802329 0.438834
vn 0.404590 -0.802329 0.438834
vn 0.404590 -0.802329 0.438834
vn 0.360940 -0.828312 0.428511
vn 0.360940 -0.828312 0.428511
vn 0.360940 -0.828312 0.428511
vn 0.431737 -0.724644 0.537116
vn 0.431737 -0.724644 0.537116
vn 0.431737 -0.724644 0.537116
vn 0.753806 -0.328454 0.569118
vn 0.753806 -0.328454 0.569118
vn 0.753806 -0.328454 0.569118
vn 0.753706 -0.297679 0.585931
vn 0.753706 -0.297679 0.585931
vn 0.753706 -0.297679 0.585931
vn 0.371438 0.381872 0.846291
vn 0.371438 0.381872 0.846291
vn 0.371438 0.381872 0.846291
vn 0.371438 0.381872 0.846291
vn 0.371438 0.381872 0.846291
vn 0.371438 0.381872 0.846291
vn 0.444752 0.197426 0.873624
vn 0.444752 0.197426 0.873624
vn 0.444752 0.197426 0.873624
vn 0.444752 0.197426 0.873624
vn 0.444752 0.197426 0.873624
vn 0.444752 0.197426 0.873624
vn 0.117842 0.556599 0.822381
vn 0.117842 0.556599 0.822381
vn 0.117842 0.556599 0.822381
vn 0.117842 0.556599 0.822381
vn 0.117842 0.556599 0.822381
vn 0.117842 0.556599 0.822381
vn -0.096070 0.607437 0.788537
vn -0.096070 0.607437 0.788537
vn -0.096070 0.607437 0.788537
vn -0.096070 0.607437 0.788537
vn -0.096070 0.607437 0.788537
vn -0.096070 0.607437 0.788537
vn -0.017393 0.627175 0.778684
vn -0.017393 0.627175 0.778684
vn -0.017393 0.627175 0.778684
vn -0.017393 0.627175 0.778684
vn -0.017393 0.627175 0.778684
vn -0.017393 0.627175 0.778684
vn -0.395330 0.249186 0.884093
vn -0.395330 0.249186 0.884093
vn -0.395330 0.249186 0.884093
vn -0.395330 0.249186 0.884093
vn -0.395330 0.249186 0.884093
vn -0.395330 0.249186 0.884093
vn -0.440175 0.116064 0.890379
vn -0.440175 0.116064 0.890379
vn -0.440175 0.116064 0.890379
vn -0.440175 0.116064 0.890379
vn -0.440175 0.116064 0.890379
vn -0.440175 0.116064 0.890379
vn -0.441617 0.083639 0.893297
vn -0.441617 0.083639 0.893297
vn -0.441617 0.083639 0.893297
vn -0.441617 0.083639 0.893297
vn -0.441617 0.083639 0.893297
vn -0.441617 0.083639 0.893297
vn -0.203037 -0.553871 0.807467
vn -0.203037 -0.553871 0.807467
vn -0.203037 -0.553871 0.807467
vn -0.203037 -0.553871 0.807467
vn -0.203037 -0.553871 0.807467
vn -0.203037 -0.553871 0.807467
vn -0.230941 -0.528738 0.816763
vn -0.230941 -0.528738 0.816763
vn -0.230941 -0.528738 0.816763
vn -0.230941 -0.528738 0.816763
vn -0.230941 -0.528738 0.816763
vn -0.230941 -0.528738 0.816763
vn -0.084230 -0.577145 0.812286
vn -0.084230 -0.577145 0.812286
vn -0.084230 -0.577145 0.812286
vn -0.084230 -0.577145 0.812286
vn -0.084230 -0.577145 0.812286
vn -0.084230 -0.577145 0.812286
vn 0.332336 -0.443683 0.832285
vn 0.332336 -0.443683 0.832285
vn 0.332336 -0.443683 0.832285
vn 0.332336 -0.443683 0.832285
vn 0.332336 -0.443683 0.832285
vn 0.332336 -0.443683 0.832285
vn 0.235024 -0.539352 0.808618
vn 0.235024 -0.539352 0.808618
vn 0.235024 -0.539352 0.808618
vn 0.235024 -0.539352 0.808618
vn 0.235024 -0.539352 0.808618
vn 0.235024 -0.539352 0.808618
vn 0.395871 -0.172492 0.901960
vn 0.395871 -0.172492 0.901960
vn 0.395871 -0.172492 0.901960
vn 0.395871 -0.172492 0.901960
vn 0.395871 -0.172492 0.901960
vn 0.395871 -0.172492 0.901960
vn 0.667361 0.686110 0.289625
vn 0.667361 0.686110 0.289625
vn 0.667361 0.686110 0.289625
vn 0.667361 0.686110 0.289625
vn 0.667361 0.686110 0.289625
vn 0.667361 0.686110 0.289625
vn 0.864825 0.383897 0.323575
vn 0.864825 0.383897 0.323575
vn 0.864825 0.383897 0.323575
vn 0.864825 0.383897 0.323575
vn 0.864825 0.383897 0.323575
vn 0.864825 0.383897 0.323575
vn 0.199695 0.943217 0.265450
vn 0.199695 0.943217 0.265450
vn 0.199695 0.943217 0.265450
vn 0.199695 0.943217 0.265450
vn 0.199695 0.943217 0.265450
vn 0.199695 0.943217 0.265450
vn -0.151754 0.959521 0.237255
vn -0.151754 0.959521 0.237255
vn -0.151754 0.959521 0.237255
vn -0.151754 0.959521 0.237255
vn -0.151754 0.959521 0.237255
vn -0.151754 0.959521 0.237255
vn -0.026979 0.972803 0.230058
vn -0.026979 0.972803 0.230058
vn -0.026979 0.972803 0.230058
vn -0.026979 0.972803 0.230058
vn -0.026979 0.972803 0.230058
vn -0.026979 0.972803 0.230058
vn -0.795870 0.501655 0.339017
vn -0.795870 0.501655 0.339017
vn -0.795870 0.501655 0.339017
vn -0.795870 0.501655 0.339017
vn -0.795870 0.501655 0.339017
vn -0.795870 0.501655 0.339017
vn -0.906110 0.238920 0.349117
vn -0.906110 0.238920 0.349117
vn -0.906110 0.238920 0.349117
vn -0.906110 0.238920 0.349117
vn -0.906110 0.238920 0.349117
vn -0.906110 0.238920 0.349117
vn -0.918894 0.174031 0.354043
vn -0.918894 0.174031 0.354043
vn -0.918894 0.174031 0.354043
vn -0.918894 0.174031 0.354043
vn -0.918894 0.174031 0.354043
vn -0.918894 0.174031 0.354043
vn -0.333048 -0.908532 0.252288
vn -0.333048 -0.908532 0.252288
vn -0.333048 -0.908532 0.252288
vn -0.333048 -0.908532 0.252288
vn -0.333048 -0.908532 0.252288
vn -0.333048 -0.908532 0.252288
vn -0.386461 -0.884800 0.260340
vn -0.386461 -0.884800 0.260340
vn -0.386461 -0.884800 0.260340
vn -0.386461 -0.884800 0.260340
vn -0.386461 -0.884800 0.260340
vn -0.386461 -0.884800 0.260340
vn -0.139586 -0.956438 0.256402
vn -0.139586 -0.956438 0.256402
vn -0.139586 -0.956438 0.256402
vn -0.139586 -0.956438 0.256402
vn -0.139586 -0.956438 0.256402
vn -0.139586 -0.956438 0.256402
vn 0.576402 -0.769520 0.274954
vn 0.576402 -0.769520 0.274954
vn 0.576402 -0.769520 0.274954
vn 0.576402 -0.769520 0.274954
vn 0.576402 -0.769520 0.274954
vn 0.576402 -0.769520 0.274954
vn 0.386451 -0.886857 0.253259
vn 0.386451 -0.886857 0.253259
vn 0.386451 -0.886857 0.253259
vn 0.386451 -0.886857 0.253259
vn 0.386451 -0.886857 0.253259
vn 0.386451 -0.886857 0.253259
vn 0.851812 -0.371158 0.369673
vn 0.851812 -0.371158 0.369673
vn 0.851812 -0.371158 0.369673
vn 0.851812 -0.371158 0.369673
vn 0.851812 -0.371158 0.369673
vn 0.851812 -0.371158 0.369673
vn 0.531976 0.546921 -0.646435
vn 0.531976 0.546921 -0.646435
vn 0.531976 0.546921 -0.646435
vn 0.531976 0.546921 -0.646435
vn 0.531976 0.546921 -0.646435
vn 0.531976 0.546921 -0.646435
vn 0.660161 0.293046 -0.691600
vn 0.660161 0.293046 -0.691600
vn 0.660161 0.293046 -0.691600
vn 0.660161 0.293046 -0.691600
vn 0.660161 0.293046 -0.691600
vn 0.660161 0.293046 -0.691600
vn 0.164039 0.774803 -0.610550
vn 0.164039 0.774803 -0.610550
vn 0.164039 0.774803 -0.610550
vn 0.164039 0.774803 -0.610550
vn 0.164039 0.774803 -0.610550
vn 0.164039 0.774803 -0.610550
vn -0.128947 0.815316 -0.564476
vn -0.128947 0.815316 -0.564476
vn -0.128947 0.815316 -0.564476
vn -0.128947 0.815316 -0.564476
vn -0.128947 0.815316 -0.564476
vn -0.128947 0.815316 -0.564476
vn -0.023117 0.833553 -0.551956
vn -0.023117 0.833553 -0.551956
vn -0.023117 0.833553 -0.551956
vn -0.023117 0.833553 -0.551956
vn -0.023117 0.833553 -0.551956
vn -0.023117 0.833553 -0.551956
vn -0.595504 0.375360 -0.710267
vn -0.595504 0.375360 -0.710267
vn -0.595504 0.375360 -0.710267
vn -0.595504 0.375360 -0.710267
vn -0.595504 0.375360 -0.710267
vn -0.595504 0.375360 -0.710267
vn -0.669143 0.176437 -0.721884
vn -0.669143 0.176437 -0.721884
vn -0.669143 0.176437 -0.721884
vn -0.669143 0.176437 -0.721884
vn -0.669143 0.176437 -0.721884
vn -0.669143 0.176437 -0.721884
vn -0.674243 0.127696 -0.727386
vn -0.674243 0.127696 -0.727386
vn -0.674243 0.127696 -0.727386
vn -0.674243 0.127696 -0.727386
vn -0.674243 0.127696 -0.727386
vn -0.674243 0.127696 -0.727386
vn -0.277988 -0.758332 -0.589623
vn -0.277988 -0.758332 -0.589623
vn -0.277988 -0.758332 -0.589623
vn -0.277988 -0.758332 -0.589623
vn -0.277988 -0.758332 -0.589623
vn -0.277988 -0.758332 -0.589623
vn -0.319444 -0.731366 -0.602544
vn -0.319444 -0.731366 -0.602544
vn -0.319444 -0.731366 -0.602544
vn -0.319444 -0.731366 -0.602544
vn -0.319444 -0.731366 -0.602544
vn -0.319444 -0.731366 -0.602544
vn -0.115933 -0.794367 -0.596272
vn -0.115933 -0.794367 -0.596272
vn -0.115933 -0.794367 -0.596272
vn -0.115933 -0.794367 -0.596272
vn -0.115933 -0.794367 -0.596272
vn -0.115933 -0.794367 -0.596272
vn 0.467970 -0.624759 -0.625044
vn 0.467970 -0.624759 -0.625044
vn 0.467970 -0.624759 -0.625044
vn 0.467970 -0.624759 -0.625044
vn 0.467970 -0.624759 -0.625044
vn 0.467970 -0.624759 -0.625044
vn 0.322186 -0.739376 -0.591201
vn 0.322186 -0.739376 -0.591201
vn 0.322186 -0.739376 -0.591201
vn 0.322186 -0.739376 -0.591201
vn 0.322186 -0.739376 -0.591201
vn 0.322186 -0.739376 -0.591201
vn 0.612395 -0.266838 -0.744157
vn 0.612395 -0.266838 -0.744157
vn 0.612395 -0.266838 -0.744157
vn 0.612395 -0.266838 -0.744157
vn 0.612395 -0.266838 -0.744157
vn 0.612395 -0.266838 -0.744157
vn 0.667361 0.686110 0.289625
vn 0.667361 0.686110 0.289625
vn 0.667361 0.686110 0.289625
vn 0.667361 0.686110 0.289625
vn 0.667361 0.686110 0.289625
vn 0.667361 0.686110 0.289625
vn 0.864825 0.383897 0.323575
vn 0.864825 0.383897 0.323575
vn 0.864825 0.383897 0.323575
vn 0.864825 0.383897 0.323575
vn 0.864825 0.383897 0.323575
vn 0.864825 0.383897 0.323575
vn 0.199695 0.943217 0.265450
vn 0.199695 0.943217 0.265450
vn 0.199695 0.943217 0.265450
vn 0.199695 0.943217 0.265450
vn 0.199695 0.943217 0.265450
vn 0.199695 0.943217 0.265450
vn -0.151754 0.959521 0.237255
vn -0.151754 0.959521 0.237255
vn -0.151754 0.959521 0.237255
vn -0.151754 0.959521 0.237255
vn -0.151754 0.959521 0.237255
vn -0.151754 0.959521 0.237255
vn -0.026979 0.972803 0.230058
vn -0.026979 0.972803 0.230058
vn -0.026979 0.972803 0.230058
vn -0.026979 0.972803 0.230058
vn -0.026979 0.972803 0.230058
vn -0.026979 0.972803 0.230058
vn -0.795870 0.501655 0.339017
vn -0.795870 0.501655 0.339017
vn -0.795870 0.501655 0.339017
vn -0.795870 0.501655 0.339017
vn -0.795870 0.501655 0.339017
vn -0.795870 0.501655 0.339017
vn -0.906110 0.238920 0.349117
vn -0.906110 0.238920 0.349117
vn -0.906110 0.238920 0.349117
vn -0.906110 0.238920 0.349117
vn -0.906110 0.238920 0.349117
vn -0.906110 0.238920 0.349117
vn -0.918894 0.174031 0.354043
vn -0.918894 0.174031 0.354043
vn -0.918894 0.174031 0.354043
vn -0.918894 0.174031 0.354043
vn -0.918894 0.174031 0.354043
vn -0.918894 0.174031 0.354043
vn -0.333048 -0.908532 0.252288
vn -0.333048 -0.908532 0.252288
vn -0.333048 -0.908532 0.252288
vn -0.333048 -0.908532 0.252288
vn -0.333048 -0.908532 0.252288
vn -0.333048 -0.908532 0.252288
vn -0.386461 -0.884800 0.260340
vn -0.386461 -0.884800 0.260340
vn -0.386461 -0.884800 0.260340
vn -0.386461 -0.884800 0.260340
vn -0.386461 -0.884800 0.260340
vn -0.386461 -0.884800 0.260340
vn -0.139586 -0.956438 0.256402
vn -0.139586 -0.956438 0.256402
vn -0.139586 -0.956438 0.256402
vn -0.139586 -0.956438 0.256402
vn -0.139586 -0.956438 0.256402
vn -0.139586 -0.956438 0.256402
vn 0.576402 -0.769520 0.274954
vn 0.576402 -0.769520 0.274954
vn 0.576402 -0.769520 0.274954
vn 0.576402 -0.769520 0.274954
vn 0.576402 -0.769520 0.274954
vn 0.576402 -0.769520 0.274954
vn 0.386451 -0.886857 0.253259
vn 0.386451 -0.886857 0.253259
vn 0.386451 -0.886857 0.253259
vn 0.386451 -0.886857 0.253259
vn 0.386451 -0.886857 0.253259
vn 0.386451 -0.886857 0.253259
vn 0.851812 -0.371158 0.369673
vn 0.851812 -0.371158 0.369673
vn 0.851812 -0.371158 0.369673
vn 0.851812 -0.371158 0.369673
vn 0.851812 -0.371158 0.369673
vn 0.851812 -0.371158 0.369673
vn 0.000000 -1.000000 0.000000
vn 0.000000 -1.000000 0.000000
vn 0.000000 -1.000000 0.000000
vn 0.000000 -1.000000 0.000000
vn 0.000000 -1.000000 0.000000
vn 0.000000 -1.000000 0.000000
vn 0.000000 -1.000000 0.000000
vn 0.000000 -1.000000 0.000000
vn 0.000000 -1.000000 0.000000
vn 0.000000 -1.000000 0.000000
vn 0.000000 -1.000000 0.000000
vn 0.000000 -1.000000 0.000000
vn 0.000000 -1.000000 0.000000
vn 0.000000 -1.000000 0.000000
vn 0.000000 -1.000000 0.000000
vn 0.000000 -1.000000 0.000000
vn 0.000000 -1.000000 0.000000
vn 0.000000 -1.000000 0.000000
vn -0.000000 -1.000000 0.000000
vn -0.000000 -1.000000 0.000000
vn -0.000000 -1.000000 0.000000
vn 0.000000 -1.000000 0.000000
vn 0.000000 -1.000000 0.000000
vn 0.000000 -1.000000 0.000000
vn 0.000000 -1.000000 0.000000
vn 0.000000 -1.000000 0.000000
vn 0.000000 -1.000000 0.000000
vn 0.000000 -1.000000 0.000000
vn 0.000000 -1.000000 0.000000
vn 0.000000 -1.000000 0.000000
vn 0.000000 -1.000000 0.000000
vn 0.000000 -1.000000 0.000000
vn 0.000000 -1.000000 0.000000
vn 0.000000 -1.000000 0.000000
vn 0.000000 -1.000000 0.000000
vn 0.000000 -1.000000 0.000000
vn 0.000000 1.000000 0.000000
vn 0.000000 1.000000 0.000000
vn 0.000000 1.000000 0.000000
vn 0.000000 1.000000 0.000000
vn 0.000000 1.000000 0.000000
vn 0.000000 1.000000 0.000000
vn 0.000000 1.000000 0.000000
vn 0.000000 1.000000 0.000000
vn 0.000000 1.000000 0.000000
vn -0.000000 1.000000 0.000000
vn -0.000000 1.000000 0.000000
vn -0.000000 1.000000 0.000000
vn -0.000000 1.000000 0.000000
vn -0.000000 1.000000 0.000000
vn -0.000000 1.000000 0.000000
vn -0.000000 1.000000 0.000000
vn -0.000000 1.000000 0.000000
vn -0.000000 1.000000 0.000000
vn 0.000000 1.000000 -0.000000
vn 0.000000 1.000000 -0.000000
vn 0.000000 1.000000 -0.000000
vn 0.000000 1.000000 -0.000000
vn 0.000000 1.000000 -0.000000
vn 0.000000 1.000000 -0.000000
vn 0.000000 1.000000 -0.000000
vn 0.000000 1.000000 -0.000000
vn 0.000000 1.000000 -0.000000
vn 0.000000 1.000000 -0.000000
vn 0.000000 1.000000 -0.000000
vn 0.000000 1.000000 -0.000000
vn 0.000000 1.000000 -0.000000
vn 0.000000 1.000000 -0.000000
vn 0.000000 1.000000 -0.000000
vn 0.000000 1.000000 0.000000
vn 0.000000 1.000000 0.000000
vn 0.000000 1.000000 0.000000
vn 0.407805 -0.908467 0.091559
vn 0.407805 -0.908467 0.091559
vn 0.407805 -0.908467 0.091559
vn 0.407805 -0.908467 0.091559
vn 0.407805 -0.908467 0.091559
vn 0.407805 -0.908467 0.091559
vn 0.360031 -0.912995 0.191881
vn 0.360031 -0.912995 0.191881
vn 0.360031 -0.912995 0.191881
vn 0.360031 -0.912995 0.191881
vn 0.360031 -0.912995 0.191881
vn 0.360031 -0.912995 0.191881
vn 0.100585 -0.914274 0.392411
vn 0.100585 -0.914274 0.392411
vn 0.100585 -0.914274 0.392411
vn 0.100585 -0.914274 0.392411
vn 0.100585 -0.914274 0.392411
vn 0.100585 -0.914274 0.392411
vn 0.038845 -0.913225 0.405600
vn 0.038845 -0.913225 0.405600
vn 0.038845 -0.913225 0.405600
vn 0.038845 -0.913225 0.405600
vn 0.038845 -0.913225 0.405600
vn 0.038845 -0.913225 0.405600
vn -0.140916 -0.918814 0.368678
vn -0.140916 -0.918814 0.368678
vn -0.140916 -0.918814 0.368678
vn -0.140916 -0.918814 0.368678
vn -0.140916 -0.918814 0.368678
vn -0.140916 -0.918814 0.368678
vn -0.377420 -0.908069 0.181564
vn -0.377420 -0.908069 0.181564
vn -0.377420 -0.908069 0.181564
vn -0.377420 -0.908069 0.181564
vn -0.377420 -0.908069 0.181564
vn -0.377420 -0.908069 0.181564
vn -0.390078 -0.907524 0.155692
vn -0.390078 -0.907524 0.155692
vn -0.390078 -0.907524 0.155692
vn -0.390078 -0.907524 0.155692
vn -0.390078 -0.907524 0.155692
vn -0.390078 -0.907524 0.155692
vn -0.393467 -0.915406 -0.084942
vn -0.393467 -0.915406 -0.084942
vn -0.393467 -0.915406 -0.084942
vn -0.393467 -0.915406 -0.084942
vn -0.393467 -0.915406 -0.084942
vn -0.393467 -0.915406 -0.084942
vn -0.280489 -0.909900 -0.305627
vn -0.280489 -0.909900 -0.305627
vn -0.280489 -0.909900 -0.305627
vn -0.280489 -0.909900 -0.305627
vn -0.280489 -0.909900 -0.305627
vn -0.280489 -0.909900 -0.305627
vn -0.258530 -0.910471 -0.322807
vn -0.258530 -0.910471 -0.322807
vn -0.258530 -0.910471 -0.322807
vn -0.258530 -0.910471 -0.322807
vn -0.258530 -0.910471 -0.322807
vn -0.258530 -0.910471 -0.322807
vn 0.035865 -0.919652 -0.391094
vn 0.035865 -0.919652 -0.391094
vn 0.035865 -0.919652 -0.391094
vn 0.035865 -0.919652 -0.391094
vn 0.035865 -0.919652 -0.391094
vn 0.035865 -0.919652 -0.391094
vn 0.219903 -0.911743 -0.346940
vn 0.219903 -0.911743 -0.346940
vn 0.219903 -0.911743 -0.346940
vn 0.219903 -0.911743 -0.346940
vn 0.219903 -0.911743 -0.346940
vn 0.219903 -0.911743 -0.346940
vn 0.266175 -0.912191 -0.311540
vn 0.266175 -0.912191 -0.311540
vn 0.266175 -0.912191 -0.311540
vn 0.266175 -0.912191 -0.311540
vn 0.266175 -0.912191 -0.311540
vn 0.266175 -0.912191 -0.311540
vn 0.409405 -0.912031 -0.024236
vn 0.409405 -0.912031 -0.024236
vn 0.409405 -0.912031 -0.024236
vn 0.409405 -0.912031 -0.024236
vn 0.409405 -0.912031 -0.024236
vn 0.409405 -0.912031 -0.024236
vn 0.786680 -0.591556 0.176624
vn 0.786680 -0.591556 0.176624
vn 0.786680 -0.591556 0.176624
vn 0.786680 -0.591556 0.176624
vn 0.786680 -0.591556 0.176624
vn 0.786680 -0.591556 0.176624
vn 0.704551 -0.602173 0.375494
vn 0.704551 -0.602173 0.375494
vn 0.704551 -0.602173 0.375494
vn 0.704551 -0.602173 0.375494
vn 0.704551 -0.602173 0.375494
vn 0.704551 -0.602173 0.375494
vn 0.198197 -0.602368 0.773221
vn 0.198197 -0.602368 0.773221
vn 0.198197 -0.602368 0.773221
vn 0.198197 -0.602368 0.773221
vn 0.198197 -0.602368 0.773221
vn 0.198197 -0.602368 0.773221
vn 0.076343 -0.598970 0.797124
vn 0.076343 -0.598970 0.797124
vn 0.076343 -0.598970 0.797124
vn 0.076343 -0.598970 0.797124
vn 0.076343 -0.598970 0.797124
vn 0.076343 -0.598970 0.797124
vn -0.282527 -0.611396 0.739171
vn -0.282527 -0.611396 0.739171
vn -0.282527 -0.611396 0.739171
vn -0.282527 -0.611396 0.739171
vn -0.282527 -0.611396 0.739171
vn -0.282527 -0.611396 0.739171
vn -0.733307 -0.581218 0.352770
vn -0.733307 -0.581218 0.352770
vn -0.733307 -0.581218 0.352770
vn -0.733307 -0.581218 0.352770
vn -0.733307 -0.581218 0.352770
vn -0.733307 -0.581218 0.352770
vn -0.756746 -0.579749 0.302039
vn -0.756746 -0.579749 0.302039
vn -0.756746 -0.579749 0.302039
vn -0.756746 -0.579749 0.302039
vn -0.756746 -0.579749 0.302039
vn -0.756746 -0.579749 0.302039
vn -0.782415 -0.599414 -0.168908
vn -0.782415 -0.599414 -0.168908
vn -0.782415 -0.599414 -0.168908
vn -0.782415 -0.599414 -0.168908
vn -0.782415 -0.599414 -0.168908
vn -0.782415 -0.599414 -0.168908
vn -0.547479 -0.586857 -0.596545
vn -0.547479 -0.586857 -0.596545
vn -0.547479 -0.586857 -0.596545
vn -0.547479 -0.586857 -0.596545
vn -0.547479 -0.586857 -0.596545
vn -0.547479 -0.586857 -0.596545
vn -0.505390 -0.588531 -0.631041
vn -0.505390 -0.588531 -0.631041
vn -0.505390 -0.588531 -0.631041
vn -0.505390 -0.588531 -0.631041
vn -0.505390 -0.588531 -0.631041
vn -0.505390 -0.588531 -0.631041
vn 0.071958 -0.615723 -0.784670
vn 0.071958 -0.615723 -0.784670
vn 0.071958 -0.615723 -0.784670
vn 0.071958 -0.615723 -0.784670
vn 0.071958 -0.615723 -0.784670
vn 0.071958 -0.615723 -0.784670
vn 0.429330 -0.597385 -0.677353
vn 0.429330 -0.597385 -0.677353
vn 0.429330 -0.597385 -0.677353
vn 0.429330 -0.597385 -0.677353
vn 0.429330 -0.597385 -0.677353
vn 0.429330 -0.597385 -0.677353
vn 0.520127 -0.599052 -0.608773
vn 0.520127 -0.599052 -0.608773
vn 0.520127 -0.599052 -0.608773
vn 0.520127 -0.599052 -0.608773
vn 0.520127 -0.599052 -0.608773
vn 0.520127 -0.599052 -0.608773
vn 0.798353 -0.600333 -0.047260
vn 0.798353 -0.600333 -0.047260
vn 0.798353 -0.600333 -0.047260
vn 0.798353 -0.600333 -0.047260
vn 0.798353 -0.600333 -0.047260
vn 0.798353 -0.600333 -0.047260
vn 0.957179 -0.193972 0.214903
vn 0.957179 -0.193972 0.214903
vn 0.957179 -0.193972 0.214903
vn 0.957179 -0.193972 0.214903
vn 0.957179 -0.193972 0.214903
vn 0.957179 -0.193972 0.214903
vn 0.865239 -0.196767 0.461134
vn 0.865239 -0.196767 0.461134
vn 0.865239 -0.196767 0.461134
vn 0.865239 -0.196767 0.461134
vn 0.865239 -0.196767 0.461134
vn 0.865239 -0.196767 0.461134
vn 0.244059 -0.184031 0.952139
vn 0.244059 -0.184031 0.952139
vn 0.244059 -0.184031 0.952139
vn 0.244059 -0.184031 0.952139
vn 0.244059 -0.184031 0.952139
vn 0.244059 -0.184031 0.952139
vn 0.093790 -0.179398 0.979295
vn 0.093790 -0.179398 0.979295
vn 0.093790 -0.179398 0.979295
vn 0.093790 -0.179398 0.979295
vn 0.093790 -0.179398 0.979295
vn 0.093790 -0.179398 0.979295
vn -0.351467 -0.175843 0.919538
vn -0.351467 -0.175843 0.919538
vn -0.351467 -0.175843 0.919538
vn -0.351467 -0.175843 0.919538
vn -0.351467 -0.175843 0.919538
vn -0.351467 -0.175843 0.919538
vn -0.890792 -0.151168 0.428530
vn -0.890792 -0.151168 0.428530
vn -0.890792 -0.151168 0.428530
vn -0.890792 -0.151168 0.428530
vn -0.890792 -0.151168 0.428530
vn -0.890792 -0.151168 0.428530
vn -0.918252 -0.149964 0.366501
vn -0.918252 -0.149964 0.366501
vn -0.918252 -0.149964 0.366501
vn -0.918252 -0.149964 0.366501
vn -0.918252 -0.149964 0.366501
vn -0.918252 -0.149964 0.366501
vn -0.965260 -0.157641 -0.208381
vn -0.965260 -0.157641 -0.208381
vn -0.965260 -0.157641 -0.208381
vn -0.965260 -0.157641 -0.208381
vn -0.965260 -0.157641 -0.208381
vn -0.965260 -0.157641 -0.208381
vn -0.667637 -0.158256 -0.727472
vn -0.667637 -0.158256 -0.727472
vn -0.667637 -0.158256 -0.727472
vn -0.667637 -0.158256 -0.727472
vn -0.667637 -0.158256 -0.727472
vn -0.667637 -0.158256 -0.727472
vn -0.617058 -0.160039 -0.770472
vn -0.617058 -0.160039 -0.770472
vn -0.617058 -0.160039 -0.770472
vn -0.617058 -0.160039 -0.770472
vn -0.617058 -0.160039 -0.770472
vn -0.617058 -0.160039 -0.770472
vn 0.089711 -0.186971 -0.978260
vn 0.089711 -0.186971 -0.978260
vn 0.089711 -0.186971 -0.978260
vn 0.089711 -0.186971 -0.978260
vn 0.089711 -0.186971 -0.978260
vn 0.089711 -0.186971 -0.978260
vn 0.525847 -0.187626 -0.829627
vn 0.525847 -0.187626 -0.829627
vn 0.525847 -0.187626 -0.829627
vn 0.525847 -0.187626 -0.829627
vn 0.525847 -0.187626 -0.829627
vn 0.525847 -0.187626 -0.829627
vn 0.637664 -0.190677 -0.746342
vn 0.637664 -0.190677 -0.746342
vn 0.637664 -0.190677 -0.746342
vn 0.637664 -0.190677 -0.746342
vn 0.637664 -0.190677 -0.746342
vn 0.637664 -0.190677 -0.746342
vn 0.978433 -0.198279 -0.057920
vn 0.978433 -0.198279 -0.057920
vn 0.978433 -0.198279 -0.057920
vn 0.978433 -0.198279 -0.057920
vn 0.978433 -0.198279 -0.057920
vn 0.978433 -0.198279 -0.057920
vn 0.975688 -0.006802 0.219059
vn 0.975688 -0.006802 0.219059
vn 0.975688 -0.006802 0.219059
vn 0.975688 -0.006802 0.219059
vn 0.975688 -0.006802 0.219059
vn 0.975688 -0.006802 0.219059
vn 0.882490 -0.001836 0.470328
vn 0.882490 -0.001836 0.470328
vn 0.882490 -0.001836 0.470328
vn 0.882490 -0.001836 0.470328
vn 0.882490 -0.001836 0.470328
vn 0.882490 -0.001836 0.470328
vn 0.248220 0.025305 0.968373
vn 0.248220 0.025305 0.968373
vn 0.248220 0.025305 0.968373
vn 0.248220 0.025305 0.968373
vn 0.248220 0.025305 0.968373
vn 0.248220 0.025305 0.968373
vn 0.095289 0.031524 0.994950
vn 0.095289 0.031524 0.994950
vn 0.095289 0.031524 0.994950
vn 0.095289 0.031524 0.994950
vn 0.095289 0.031524 0.994950
vn 0.095289 0.031524 0.994950
vn -0.356547 0.051995 0.932829
vn -0.356547 0.051995 0.932829
vn -0.356547 0.051995 0.932829
vn -0.356547 0.051995 0.932829
vn -0.356547 0.051995 0.932829
vn -0.356547 0.051995 0.932829
vn -0.898785 0.072372 0.432376
vn -0.898785 0.072372 0.432376
vn -0.898785 0.072372 0.432376
vn -0.898785 0.072372 0.432376
vn -0.898785 0.072372 0.432376
vn -0.898785 0.072372 0.432376
vn -0.926249 0.073415 0.369693
vn -0.926249 0.073415 0.369693
vn -0.926249 0.073415 0.369693
vn -0.926249 0.073415 0.369693
vn -0.926249 0.073415 0.369693
vn -0.926249 0.073415 0.369693
vn -0.974561 0.077245 -0.210389
vn -0.974561 0.077245 -0.210389
vn -0.974561 0.077245 -0.210389
vn -0.974561 0.077245 -0.210389
vn -0.974561 0.077245 -0.210389
vn -0.974561 0.077245 -0.210389
vn -0.674802 0.063312 -0.735278
vn -0.674802 0.063312 -0.735278
vn -0.674802 0.063312 -0.735278
vn -0.674802 0.063312 -0.735278
vn -0.674802 0.063312 -0.735278
vn -0.674802 0.063312 -0.735278
vn -0.623940 0.061291 -0.779065
vn -0.623940 0.061291 -0.779065
vn -0.623940 0.061291 -0.779065
vn -0.623940 0.061291 -0.779065
vn -0.623940 0.061291 -0.779065
vn -0.623940 0.061291 -0.779065
vn 0.091271 0.033285 -0.995270
vn 0.091271 0.033285 -0.995270
vn 0.091271 0.033285 -0.995270
vn 0.091271 0.033285 -0.995270
vn 0.091271 0.033285 -0.995270
vn 0.091271 0.033285 -0.995270
vn 0.535312 0.012569 -0.844561
vn 0.535312 0.012569 -0.844561
vn 0.535312 0.012569 -0.844561
vn 0.535312 0.012569 -0.844561
vn 0.535312 0.012569 -0.844561
vn 0.535312 0.012569 -0.844561
vn 0.649562 0.007837 -0.760268
vn 0.649562 0.007837 -0.760268
vn 0.649562 0.007837 -0.760268
vn 0.649562 0.007837 -0.760268
vn 0.649562 0.007837 -0.760268
vn 0.649562 0.007837 -0.760268
vn 0.998228 -0.006960 -0.059092
vn 0.998228 -0.006960 -0.059092
vn 0.998228 -0.006960 -0.059092
vn 0.998228 -0.006960 -0.059092
vn 0.998228 -0.006960 -0.059092
vn 0.998228 -0.006960 -0.059092
vn 0.960713 0.174659 0.215697
vn 0.960713 0.174659 0.215697
vn 0.960713 0.174659 0.215697
vn 0.960713 0.174659 0.215697
vn 0.960713 0.174659 0.215697
vn 0.960713 0.174659 0.215697
vn 0.866958 0.186801 0.462050
vn 0.866958 0.186801 0.462050
vn 0.866958 0.186801 0.462050
vn 0.866958 0.186801 0.462050
vn 0.866958 0.186801 0.462050
vn 0.866958 0.186801 0.462050
vn 0.241914 0.225322 0.943773
vn 0.241914 0.225322 0.943773
vn 0.241914 0.225322 0.943773
vn 0.241914 0.225322 0.943773
vn 0.241914 0.225322 0.943773
vn 0.241914 0.225322 0.943773
vn 0.092726 0.232432 0.968182
vn 0.092726 0.232432 0.968182
vn 0.092726 0.232432 0.968182
vn 0.092726 0.232432 0.968182
vn 0.092726 0.232432 0.968182
vn 0.092726 0.232432 0.968182
vn -0.344136 0.266313 0.900360
vn -0.344136 0.266313 0.900360
vn -0.344136 0.266313 0.900360
vn -0.344136 0.266313 0.900360
vn -0.344136 0.266313 0.900360
vn -0.344136 0.266313 0.900360
vn -0.864947 0.280589 0.416097
vn -0.864947 0.280589 0.416097
vn -0.864947 0.280589 0.416097
vn -0.864947 0.280589 0.416097
vn -0.864947 0.280589 0.416097
vn -0.864947 0.280589 0.416097
vn -0.891231 0.281378 0.355716
vn -0.891231 0.281378 0.355716
vn -0.891231 0.281378 0.355716
vn -0.891231 0.281378 0.355716
vn -0.891231 0.281378 0.355716
vn -0.891231 0.281378 0.355716
vn -0.934016 0.294886 -0.201636
vn -0.934016 0.294886 -0.201636
vn -0.934016 0.294886 -0.201636
vn -0.934016 0.294886 -0.201636
vn -0.934016 0.294886 -0.201636
vn -0.934016 0.294886 -0.201636
vn -0.650905 0.270741 -0.709240
vn -0.650905 0.270741 -0.709240
vn -0.650905 0.270741 -0.709240
vn -0.650905 0.270741 -0.709240
vn -0.650905 0.270741 -0.709240
vn -0.650905 0.270741 -0.709240
vn -0.602122 0.268719 -0.751823
vn -0.602122 0.268719 -0.751823
vn -0.602122 0.268719 -0.751823
vn -0.602122 0.268719 -0.751823
vn -0.602122 0.268719 -0.751823
vn -0.602122 0.268719 -0.751823
vn 0.088591 0.242709 -0.966046
vn 0.088591 0.242709 -0.966046
vn 0.088591 0.242709 -0.966046
vn 0.088591 0.242709 -0.966046
vn 0.088591 0.242709 -0.966046
vn 0.088591 0.242709 -0.966046
vn 0.523976 0.205072 -0.826677
vn 0.523976 0.205072 -0.826677
vn 0.523976 0.205072 -0.826677
vn 0.523976 0.205072 -0.826677
vn 0.523976 0.205072 -0.826677
vn 0.523976 0.205072 -0.826677
vn 0.636572 0.199133 -0.745065
vn 0.636572 0.199133 -0.745065
vn 0.636572 0.199133 -0.745065
vn 0.636572 0.199133 -0.745065
vn 0.636572 0.199133 -0.745065
vn 0.636572 0.199133 -0.745065
vn 0.982208 0.178567 -0.058144
vn 0.982208 0.178567 -0.058144
vn 0.982208 0.178567 -0.058144
vn 0.982208 0.178567 -0.058144
vn 0.982208 0.178567 -0.058144
vn 0.982208 0.178567 -0.058144
vn 0.852725 0.484428 0.195423
vn 0.852725 0.484428 0.195423
vn 0.852725 0.484428 0.195423
vn 0.852324 0.486749 0.191362
vn 0.852324 0.486749 0.191362
vn 0.852324 0.486749 0.191362
vn 0.818200 0.497627 0.287954
vn 0.818200 0.497627 0.287954
vn 0.818200 0.497627 0.287954
vn 0.798549 0.425665 0.425591
vn 0.798549 0.425665 0.425591
vn 0.798549 0.425665 0.425591
vn 0.050474 0.435736 0.898658
vn 0.050474 0.435736 0.898658
vn 0.050474 0.435736 0.898658
vn 0.206629 0.554511 0.806116
vn 0.206629 0.554511 0.806116
vn 0.206629 0.554511 0.806116
vn 0.159638 0.557133 0.814934
vn 0.159638 0.557133 0.814934
vn 0.159638 0.557133 0.814934
vn 0.081394 0.520678 0.849864
vn 0.081394 0.520678 0.849864
vn 0.081394 0.520678 0.849864
vn -0.223531 0.555722 0.800754
vn -0.223531 0.555722 0.800754
vn -0.223531 0.555722 0.800754
vn -0.305712 0.516538 0.799831
vn -0.305712 0.516538 0.799831
vn -0.305712 0.516538 0.799831
vn -0.846828 0.482415 0.223963
vn -0.846828 0.482415 0.223963
vn -0.846828 0.482415 0.223963
vn -0.722001 0.598395 0.347331
vn -0.722001 0.598395 0.347331
vn -0.722001 0.598395 0.347331
vn -0.688904 0.595659 0.413040
vn -0.688904 0.595659 0.413040
vn -0.688904 0.595659 0.413040
vn -0.784252 0.535694 0.313018
vn -0.784252 0.535694 0.313018
vn -0.784252 0.535694 0.313018
vn -0.813394 0.555600 -0.172333
vn -0.813394 0.555600 -0.172333
vn -0.813394 0.555600 -0.172333
vn -0.813977 0.553682 -0.175722
vn -0.813977 0.553682 -0.175722
vn -0.813977 0.553682 -0.175722
vn -0.471896 0.492076 -0.731557
vn -0.471896 0.492076 -0.731557
vn -0.471896 0.492076 -0.731557
vn -0.544070 0.593751 -0.592830
vn -0.544070 0.593751 -0.592830
vn -0.544070 0.593751 -0.592830
vn -0.616721 0.590455 -0.520593
vn -0.616721 0.590455 -0.520593
vn -0.616721 0.590455 -0.520593
vn -0.537272 0.511176 -0.670849
vn -0.537272 0.511176 -0.670849
vn -0.537272 0.511176 -0.670849
vn 0.154966 0.481101 -0.862860
vn 0.154966 0.481101 -0.862860
vn 0.154966 0.481101 -0.862860
vn 0.077109 0.535757 -0.840844
vn 0.077109 0.535757 -0.840844
vn 0.077109 0.535757 -0.840844
vn 0.546706 0.470865 -0.692386
vn 0.546706 0.470865 -0.692386
vn 0.546706 0.470865 -0.692386
vn 0.452006 0.535853 -0.713128
vn 0.452006 0.535853 -0.713128
vn 0.452006 0.535853 -0.713128
vn 0.415604 0.535490 -0.735203
vn 0.415604 0.535490 -0.735203
vn 0.415604 0.535490 -0.735203
vn 0.584142 0.437418 -0.683698
vn 0.584142 0.437418 -0.683698
vn 0.584142 0.437418 -0.683698
vn 0.918583 0.387218 0.079164
vn 0.918583 0.387218 0.079164
vn 0.918583 0.387218 0.079164
vn 0.868340 0.493299 -0.051403
vn 0.868340 0.493299 -0.051403
vn 0.868340 0.493299 -0.051403
vn 0.540233 0.832358 0.123808
vn 0.540233 0.832358 0.123808
vn 0.540233 0.832358 0.123808
vn 0.540233 0.832358 0.123808
vn 0.540233 0.832358 0.123808
vn 0.540233 0.832358 0.123808
vn 0.514207 0.838357 0.180968
vn 0.514207 0.838357 0.180968
vn 0.514207 0.838357 0.180968
vn 0.514207 0.838357 0.180968
vn 0.514207 0.838357 0.180968
vn 0.514207 0.838357 0.180968
vn 0.029821 0.846886 0.530938
vn 0.029821 0.846886 0.530938
vn 0.029821 0.846886 0.530938
vn 0.029821 0.846886 0.530938
vn 0.029821 0.846886 0.530938
vn 0.029821 0.846886 0.530938
vn 0.101847 0.848122 0.519919
vn 0.101847 0.848122 0.519919
vn 0.101847 0.848122 0.519919
vn 0.101847 0.848122 0.519919
vn 0.101847 0.848122 0.519919
vn 0.101847 0.848122 0.519919
vn -0.131390 0.872467 0.470679
vn -0.131390 0.872467 0.470679
vn -0.131390 0.872467 0.470679
vn -0.131390 0.872467 0.470679
vn -0.131390 0.872467 0.470679
vn -0.131390 0.872467 0.470679
vn -0.514638 0.846535 0.136108
vn -0.514638 0.846535 0.136108
vn -0.514638 0.846535 0.136108
vn -0.514638 0.846535 0.136108
vn -0.514638 0.846535 0.136108
vn -0.514638 0.846535 0.136108
vn -0.452919 0.849190 0.271553
vn -0.452919 0.849190 0.271553
vn -0.452919 0.849190 0.271553
vn -0.452919 0.849190 0.271553
vn -0.452919 0.849190 0.271553
vn -0.452919 0.849190 0.271553
vn -0.468281 0.877992 -0.099214
vn -0.468281 0.877992 -0.099214
vn -0.468281 0.877992 -0.099214
vn -0.468281 0.877992 -0.099214
vn -0.468281 0.877992 -0.099214
vn -0.468281 0.877992 -0.099214
vn -0.287098 0.848224 -0.445074
vn -0.287098 0.848224 -0.445074
vn -0.287098 0.848224 -0.445074
vn -0.287098 0.848224 -0.445074
vn -0.287098 0.848224 -0.445074
vn -0.287098 0.848224 -0.445074
vn -0.406646 0.846646 -0.343262
vn -0.406646 0.846646 -0.343262
vn -0.406646 0.846646 -0.343262
vn -0.406646 0.846646 -0.343262
vn -0.406646 0.846646 -0.343262
vn -0.406646 0.846646 -0.343262
vn 0.087522 0.868822 -0.487327
vn 0.087522 0.868822 -0.487327
vn 0.087522 0.868822 -0.487327
vn 0.087522 0.868822 -0.487327
vn 0.087522 0.868822 -0.487327
vn 0.087522 0.868822 -0.487327
vn 0.337649 0.838529 -0.427623
vn 0.337649 0.838529 -0.427623
vn 0.337649 0.838529 -0.427623
vn 0.337649 0.838529 -0.427623
vn 0.337649 0.838529 -0.427623
vn 0.337649 0.838529 -0.427623
vn 0.268661 0.837823 -0.475261
vn 0.268661 0.837823 -0.475261
vn 0.268661 0.837823 -0.475261
vn 0.268661 0.837823 -0.475261
vn 0.268661 0.837823 -0.475261
vn 0.268661 0.837823 -0.475261
vn 0.543824 0.837890 0.046867
vn 0.543824 0.837890 0.046867
vn 0.543824 0.837890 0.046867
vn 0.543824 0.837890 0.046867
vn 0.543824 0.837890 0.046867
vn 0.543824 0.837890 0.046867
vn 0.953907 0.205596 0.218611
vn 0.953907 0.205596 0.218611
vn 0.953907 0.205596 0.218611
vn 0.953907 0.205596 0.218611
vn 0.953907 0.205596 0.218611
vn 0.953907 0.205596 0.218611
vn 0.921370 0.214317 0.324263
vn 0.921370 0.214317 0.324263
vn 0.921370 0.214317 0.324263
vn 0.921370 0.214317 0.324263
vn 0.921370 0.214317 0.324263
vn 0.921370 0.214317 0.324263
vn 0.053728 0.286447 0.956589
vn 0.053728 0.286447 0.956589
vn 0.053728 0.286447 0.956589
vn 0.053728 0.286447 0.956589
vn 0.053728 0.286447 0.956589
vn 0.053728 0.286447 0.956589
vn 0.184633 0.278468 0.942532
vn 0.184633 0.278468 0.942532
vn 0.184633 0.278468 0.942532
vn 0.184633 0.278468 0.942532
vn 0.184633 0.278468 0.942532
vn 0.184633 0.278468 0.942532
vn -0.252894 0.339576 0.905943
vn -0.252894 0.339576 0.905943
vn -0.252894 0.339576 0.905943
vn -0.252894 0.339576 0.905943
vn -0.252894 0.339576 0.905943
vn -0.252894 0.339576 0.905943
vn -0.904235 0.353791 0.239146
vn -0.904235 0.353791 0.239146
vn -0.904235 0.353791 0.239146
vn -0.904235 0.353791 0.239146
vn -0.904235 0.353791 0.239146
vn -0.904235 0.353791 0.239146
vn -0.803541 0.349598 0.481772
vn -0.803541 0.349598 0.481772
vn -0.803541 0.349598 0.481772
vn -0.803541 0.349598 0.481772
vn -0.803541 0.349598 0.481772
vn -0.803541 0.349598 0.481772
vn -0.900143 0.391627 -0.190712
vn -0.900143 0.391627 -0.190712
vn -0.900143 0.391627 -0.190712
vn -0.900143 0.391627 -0.190712
vn -0.900143 0.391627 -0.190712
vn -0.900143 0.391627 -0.190712
vn -0.512063 0.328078 -0.793824
vn -0.512063 0.328078 -0.793824
vn -0.512063 0.328078 -0.793824
vn -0.512063 0.328078 -0.793824
vn -0.512063 0.328078 -0.793824
vn -0.512063 0.328078 -0.793824
vn -0.718380 0.340884 -0.606406
vn -0.718380 0.340884 -0.606406
vn -0.718380 0.340884 -0.606406
vn -0.718380 0.340884 -0.606406
vn -0.718380 0.340884 -0.606406
vn -0.718380 0.340884 -0.606406
vn 0.168335 0.305174 -0.937300
vn 0.168335 0.305174 -0.937300
vn 0.168335 0.305174 -0.937300
vn 0.168335 0.305174 -0.937300
vn 0.168335 0.305174 -0.937300
vn 0.168335 0.305174 -0.937300
vn 0.601925 0.237815 -0.762319
vn 0.601925 0.237815 -0.762319
vn 0.601925 0.237815 -0.762319
vn 0.601925 0.237815 -0.762319
vn 0.601925 0.237815 -0.762319
vn 0.601925 0.237815 -0.762319
vn 0.476966 0.246143 -0.843752
vn 0.476966 0.246143 -0.843752
vn 0.476966 0.246143 -0.843752
vn 0.476966 0.246143 -0.843752
vn 0.476966 0.246143 -0.843752
vn 0.476966 0.246143 -0.843752
vn 0.974102 0.209949 0.083948
vn 0.974102 0.209949 0.083948
vn 0.974102 0.209949 0.083948
vn 0.974102 0.209949 0.083948
vn 0.974102 0.209949 0.083948
vn 0.974102 0.209949 0.083948
vn 0.708836 -0.686412 0.162447
vn 0.708836 -0.686412 0.162447
vn 0.708836 -0.686412 0.162447
vn 0.708836 -0.686412 0.162447
vn 0.708836 -0.686412 0.162447
vn 0.708836 -0.686412 0.162447
vn 0.680969 -0.691987 0.239657
vn 0.680969 -0.691987 0.239657
vn 0.680969 -0.691987 0.239657
vn 0.680969 -0.691987 0.239657
vn 0.680969 -0.691987 0.239657
vn 0.680969 -0.691987 0.239657
vn 0.042568 -0.650988 0.757894
vn 0.042568 -0.650988 0.757894
vn 0.042568 -0.650988 0.757894
vn 0.042568 -0.650988 0.757894
vn 0.042568 -0.650988 0.757894
vn 0.042568 -0.650988 0.757894
vn 0.144174 -0.661458 0.735994
vn 0.144174 -0.661458 0.735994
vn 0.144174 -0.661458 0.735994
vn 0.144174 -0.661458 0.735994
vn 0.144174 -0.661458 0.735994
vn 0.144174 -0.661458 0.735994
vn -0.198584 -0.674161 0.711387
vn -0.198584 -0.674161 0.711387
vn -0.198584 -0.674161 0.711387
vn -0.198584 -0.674161 0.711387
vn -0.198584 -0.674161 0.711387
vn -0.198584 -0.674161 0.711387
vn -0.789634 -0.576945 0.208837
vn -0.789634 -0.576945 0.208837
vn -0.789634 -0.576945 0.208837
vn -0.789634 -0.576945 0.208837
vn -0.789634 -0.576945 0.208837
vn -0.789634 -0.576945 0.208837
vn -0.692107 -0.590590 0.414960
vn -0.692107 -0.590590 0.414960
vn -0.692107 -0.590590 0.414960
vn -0.692107 -0.590590 0.414960
vn -0.692107 -0.590590 0.414960
vn -0.692107 -0.590590 0.414960
vn -0.751000 -0.640845 -0.159113
vn -0.751000 -0.640845 -0.159113
vn -0.751000 -0.640845 -0.159113
vn -0.751000 -0.640845 -0.159113
vn -0.751000 -0.640845 -0.159113
vn -0.751000 -0.640845 -0.159113
vn -0.428528 -0.612401 -0.664326
vn -0.428528 -0.612401 -0.664326
vn -0.428528 -0.612401 -0.664326
vn -0.428528 -0.612401 -0.664326
vn -0.428528 -0.612401 -0.664326
vn -0.428528 -0.612401 -0.664326
vn -0.615293 -0.593002 -0.519387
vn -0.615293 -0.593002 -0.519387
vn -0.615293 -0.593002 -0.519387
vn -0.615293 -0.593002 -0.519387
vn -0.615293 -0.593002 -0.519387
vn -0.615293 -0.593002 -0.519387
vn 0.127404 -0.693203 -0.709392
vn 0.127404 -0.693203 -0.709392
vn 0.127404 -0.693203 -0.709392
vn 0.127404 -0.693203 -0.709392
vn 0.127404 -0.693203 -0.709392
vn 0.127404 -0.693203 -0.709392
vn 0.457956 -0.673715 -0.579987
vn 0.457956 -0.673715 -0.579987
vn 0.457956 -0.673715 -0.579987
vn 0.457956 -0.673715 -0.579987
vn 0.457956 -0.673715 -0.579987
vn 0.457956 -0.673715 -0.579987
vn 0.367486 -0.665092 -0.650082
vn 0.367486 -0.665092 -0.650082
vn 0.367486 -0.665092 -0.650082
vn 0.367486 -0.665092 -0.650082
vn 0.367486 -0.665092 -0.650082
vn 0.367486 -0.665092 -0.650082
vn 0.717006 -0.694323 0.061792
vn 0.717006 -0.694323 0.061792
vn 0.717006 -0.694323 0.061792
vn 0.717006 -0.694323 0.061792
vn 0.717006 -0.694323 0.061792
vn 0.717006 -0.694323 0.061792
vn 0.955794 0.196157 0.219044
vn 0.955794 0.196157 0.219044
vn 0.955794 0.196157 0.219044
vn 0.955794 0.196157 0.219044
vn 0.955794 0.196157 0.219044
vn 0.955794 0.196157 0.219044
vn 0.923208 0.205234 0.324910
vn 0.923208 0.205234 0.324910
vn 0.923208 0.205234 0.324910
vn 0.923208 0.205234 0.324910
vn 0.923208 0.205234 0.324910
vn 0.923208 0.205234 0.324910
vn 0.053736 0.285939 0.956740
vn 0.053736 0.285939 0.956740
vn 0.053736 0.285939 0.956740
vn 0.053736 0.285939 0.956740
vn 0.053736 0.285939 0.956740
vn 0.053736 0.285939 0.956740
vn 0.184731 0.276713 0.943030
vn 0.184731 0.276713 0.943030
vn 0.184731 0.276713 0.943030
vn 0.184731 0.276713 0.943030
vn 0.184731 0.276713 0.943030
vn 0.184731 0.276713 0.943030
vn -0.252670 0.341877 0.905140
vn -0.252670 0.341877 0.905140
vn -0.252670 0.341877 0.905140
vn -0.252670 0.341877 0.905140
vn -0.252670 0.341877 0.905140
vn -0.252670 0.341877 0.905140
vn -0.901231 0.361900 0.238351
vn -0.901231 0.361900 0.238351
vn -0.901231 0.361900 0.238351
vn -0.901231 0.361900 0.238351
vn -0.901231 0.361900 0.238351
vn -0.901231 0.361900 0.238351
vn -0.801198 0.356832 0.480367
vn -0.801198 0.356832 0.480367
vn -0.801198 0.356832 0.480367
vn -0.801198 0.356832 0.480367
vn -0.801198 0.356832 0.480367
vn -0.801198 0.356832 0.480367
vn -0.896854 0.399434 -0.190015
vn -0.896854 0.399434 -0.190015
vn -0.896854 0.399434 -0.190015
vn -0.896854 0.399434 -0.190015
vn -0.896854 0.399434 -0.190015
vn -0.896854 0.399434 -0.190015
vn -0.511172 0.332773 -0.792443
vn -0.511172 0.332773 -0.792443
vn -0.511172 0.332773 -0.792443
vn -0.511172 0.332773 -0.792443
vn -0.511172 0.332773 -0.792443
vn -0.511172 0.332773 -0.792443
vn -0.716555 0.347400 -0.604866
vn -0.716555 0.347400 -0.604866
vn -0.716555 0.347400 -0.604866
vn -0.716555 0.347400 -0.604866
vn -0.716555 0.347400 -0.604866
vn -0.716555 0.347400 -0.604866
vn 0.168424 0.303600 -0.937795
vn 0.168424 0.303600 -0.937795
vn 0.168424 0.303600 -0.937795
vn 0.168424 0.303600 -0.937795
vn 0.168424 0.303600 -0.937795
vn 0.168424 0.303600 -0.937795
vn 0.602802 0.231953 -0.763431
vn 0.602802 0.231953 -0.763431
vn 0.602802 0.231953 -0.763431
vn 0.602802 0.231953 -0.763431
vn 0.602802 0.231953 -0.763431
vn 0.602802 0.231953 -0.763431
vn 0.477538 0.241519 -0.844764
vn 0.477538 0.241519 -0.844764
vn 0.477538 0.241519 -0.844764
vn 0.477538 0.241519 -0.844764
vn 0.477538 0.241519 -0.844764
vn 0.477538 0.241519 -0.844764
vn 0.976111 0.200327 0.084121
vn 0.976111 0.200327 0.084121
vn 0.976111 0.200327 0.084121
vn 0.976111 0.200327 0.084121
vn 0.976111 0.200327 0.084121
vn 0.976111 0.200327 0.084121
f 1/1/1 2/2/2 3/3/3
f 4/4/4 5/5/5 6/6/6
f 7/7/7 8/8/8 9/9/9
f 10/10/10 11/11/11 12/12/12
f 13/13/13 14/14/14 15/15/15
f 16/16/16 17/17/17 18/18/18
f 19/19/19 20/20/20 21/21/21
f 22/22/22 23/23/23 24/24/24
f 25/25/25 26/26/26 27/27/27
f 28/28/28 29/29/29 30/30/30
f 31/31/31 32/32/32 33/33/33
f 34/34/34 35/35/35 36/36/36
f 37/37/37 38/38/38 39/39/39
f 40/40/40 41/41/41 42/42/42
f 43/43/43 44/44/44 45/45/45
f 46/46/46 47/47/47 48/48/48
f 49/49/49 50/50/50 51/51/51
f 52/52/52 53/53/53 54/54/54
f 55/55/55 56/56/56 57/57/57
f 58/58/58 59/59/59 60/60/60
f 61/61/61 62/62/62 63/63/63
f 64/64/64 65/65/65 66/66/66
f 67/67/67 68/68/68 69/69/69
f 70/70/70 71/71/71 72/72/72
f 73/73/73 74/74/74 75/75/75
f 76/76/76 77/77/77 78/78/78
f 79/79/79 80/80/80 81/81/81
f 82/82/82 83/83/83 84/84/84
f 85/85/85 86/86/86 87/87/87
f 88/88/88 89/89/89 90/90/90
f 91/91/91 92/92/92 93/93/93
f 94/94/94 95/95/95 96/96/96
f 97/97/97 98/98/98 99/99/99
f 100/100/100 101/101/101 102/102/102
f 103/103/103 104/104/104 105/105/105
f 106/106/106 107/107/107 108/108/108
f 109/109/109 110/110/110 111/111/111
f 112/112/112 113/113/113 114/114/114
f 115/115/115 116/116/116 117/117/117
f 118/118/118 119/119/119 120/120/120
f 121/121/121 122/122/122 123/123/123
f 124/124/124 125/125/125 126/126/126
f 127/127/127 128/128/128 129/129/129
f 130/130/130 131/131/131 132/132/132
f 133/133/133 134/134/134 135/135/135
f 136/136/136 137/137/137 138/138/138
f 139/139/139 140/140/140 141/141/141
f 142/142/142 143/143/143 144/144/144
f 145/145/145 146/146/146 147/147/147
f 148/148/148 149/149/149 150/150/150
f 151/151/151 152/152/152 153/153/153
f 154/154/154 155/155/155 156/156/156
f 157/157/157 158/158/158 159/159/159
f 160/160/160 161/161/161 162/162/162
f 163/163/163 164/164/164 165/165/165
f 166/166/166 167/167/167 168/168/168
f 169/169/169 170/170/170 171/171/171
f 172/172/172 173/173/173 174/174/174
f 175/175/175 176/176/176 177/177/177
f 178/178/178 179/179/179 180/180/180
f 181/181/181 182/182/182 183/183/183
f 184/184/184 185/185/185 186/186/186
f 187/187/187 188/188/188 189/189/189
f 190/190/190 191/191/191 192/192/192
f 193/193/193 194/194/194 195/195/195
f 196/196/196 197/197/197 198/198/198
f 199/199/199 200/200/200 201/201/201
f 202/202/202 203/203/203 204/204/204
f 205/205/205 206/206/206 207/207/207
f 208/208/208 209/209/209 210/210/210
f 211/211/211 212/212/212 213/213/213
f 214/214/214 215/215/215 216/216/216
f 217/217/217 218/218/218 219/219/219
f 220/220/220 221/221/221 222/222/222
f 223/223/223 224/224/224 225/225/225
f 226/226/226 227/227/227 228/228/228
f 229/229/229 230/230/230 231/231/231
f 232/232/232 233/233/233 234/234/234
f 235/235/235 236/236/236 237/237/237
f 238/238/238 239/239/239 240/240/240
f 241/241/241 242/242/242 243/243/243
f 244/244/244 245/245/245 246/246/246
f 247/247/247 248/248/248 249/249/249
f 250/250/250 251/251/251 252/252/252
f 253/253/253 254/254/254 255/255/255
f 256/256/256 257/257/257 258/258/258
f 259/259/259 260/260/260 261/261/261
f 262/262/262 263/263/263 264/264/264
f 265/265/265 266/266/266 267/267/267
f 268/268/268 269/269/269 270/270/270
f 271/271/271 272/272/272 273/273/273
f 274/274/274 275/275/275 276/276/276
f 277/277/277 278/278/278 279/279/279
f 280/280/280 281/281/281 282/282/282
f 283/283/283 284/284/284 285/285/285
f 286/286/286 287/287/287 288/288/288
f 289/289/289 290/290/290 291/291/291
f 292/292/292 293/293/293 294/294/294
f 295/295/295 296/296/296 297/297/297
f 298/298/298 299/299/299 300/300/300
f 301/301/301 302/302/302 303/303/303
f 304/304/304 305/305/305 306/306/306
f 307/307/307 308/308/308 309/309/309
f 310/310/310 311/311/311 312/312/312
f 313/313/313 314/314/314 315/315/315
f 316/316/316 317/317/317 318/318/318
f 319/319/319 320/320/320 321/321/321
f 322/322/322 323/323/323 324/324/324
f 325/325/325 326/326/326 327/327/327
f 328/328/328 329/329/329 330/330/330
f 331/331/331 332/332/332 333/333/333
f 334/334/334 335/335/335 336/336/336
f 337/337/337 338/338/338 339/339/339
f 340/340/340 341/341/341 342/342/342
f 343/343/343 344/344/344 345/345/345
f 346/346/346 347/347/347 348/348/348
f 349/349/349 350/350/350 351/351/351
f 352/352/352 353/353/353 354/354/354
f 355/355/355 356/356/356 357/357/357
f 358/358/358 359/359/359 360/360/360
f 361/361/361 362/362/362 363/363/363
f 364/364/364 365/365/365 366/366/366
f 367/367/367 368/368/368 369/369/369
f 370/370/370 371/371/371 372/372/372
f 373/373/373 374/374/374 375/375/375
f 376/376/376 377/377/377 378/378/378
f 379/379/379 380/380/380 381/381/381
f 382/382/382 383/383/383 384/384/384
f 385/385/385 386/386/386 387/387/387
f 388/388/388 389/389/389 390/390/390
f 391/391/391 392/392/392 393/393/393
f 394/394/394 395/395/395 396/396/396
f 397/397/397 398/398/398 399/399/399
f 400/400/400 401/401/401 402/402/402
f 403/403/403 404/404/404 405/405/405
f 406/406/406 407/407/407 408/408/408
f 409/409/409 410/410/410 411/411/411
f 412/412/412 413/413/413 414/414/414
f 415/415/415 416/416/416 417/417/417
f 418/418/418 419/419/419 420/420/420
f 421/421/421 422/422/422 423/423/423
f 424/424/424 425/425/425 426/426/426
f 427/427/427 428/428/428 429/429/429
f 430/430/430 431/431/431 432/432/432
f 433/433/433 434/434/434 435/435/435
f 436/436/436 437/437/437 438/438/438
f 439/439/439 440/440/440 441/441/441
f 442/442/442 443/443/443 444/444/444
f 445/445/445 446/446/446 447/447/447
f 448/448/448 449/449/449 450/450/450
f 451/451/451 452/452/452 453/453/453
f 454/454/454 455/455/455 456/456/456
f 457/457/457 458/458/458 459/459/459
f 460/460/460 461/461/461 462/462/462
f 463/463/463 464/464/464 465/465/465
f 466/466/466 467/467/467 468/468/468
f 469/469/469 470/470/470 471/471/471
f 472/472/472 473/473/473 474/474/474
f 475/475/475 476/476/476 477/477/477
f 478/478/478 479/479/479 480/480/480
f 481/481/481 482/482/482 483/483/483
f 484/484/484 485/485/485 486/486/486
f 487/487/487 488/488/488 489/489/489
f 490/490/490 491/491/491 492/492/492
f 493/493/493 494/494/494 495/495/495
f 496/496/496 497/497/497 498/498/498
f 499/499/499 500/500/500 501/501/501
f 502/502/502 503/503/503 504/504/504
f 505/505/505 506/506/506 507/507/507
f 508/508/508 509/509/509 510/510/510
f 511/511/511 512/512/512 513/513/513
f 514/514/514 515/515/515 516/516/516
f 517/517/517 518/518/518 519/519/519
f 520/520/520 521/521/521 522/522/522
f 523/523/523 524/524/524 525/525/525
f 526/526/526 527/527/527 528/528/528
f 529/529/529 530/530/530 531/531/531
f 532/532/532 533/533/533 534/534/534
f 535/535/535 536/536/536 537/537/537
f 538/538/538 539/539/539 540/540/540
f 541/541/541 542/542/542 543/543/543
f 544/544/544 545/545/545 546/546/546
f 547/547/547 548/548/548 549/549/549
f 550/550/550 551/551/551 552/552/552
f 553/553/553 554/554/554 555/555/555
f 556/556/556 557/557/557 558/558/558
f 559/559/559 560/560/560 561/561/561
f 562/562/562 563/563/563 564/564/564
f 565/565/565 566/566/566 567/567/567
f 568/568/568 569/569/569 570/570/570
f 571/571/571 572/572/572 573/573/573
f 574/574/574 575/575/575 576/576/576
f 577/577/577 578/578/578 579/579/579
f 580/580/580 581/581/581 582/582/582
f 583/583/583 584/584/584 585/585/585
f 586/586/586 587/587/587 588/588/588
f 589/589/589 590/590/590 591/591/591
f 592/592/592 593/593/593 594/594/594
f 595/595/595 596/596/596 597/597/597
f 598/598/598 599/599/599 600/600/600
f 601/601/601 602/602/602 603/603/603
f 604/604/604 605/605/605 606/606/606
f 607/607/607 608/608/608 609/609/609
f 610/610/610 611/611/611 612/612/612
f 613/613/613 614/614/614 615/615/615
f 616/616/616 617/617/617 618/618/618
f 619/619/619 620/620/620 621/621/621
f 622/622/622 623/623/623 624/624/624
f 625/625/625 626/626/626 627/627/627
f 628/628/628 629/629/629 630/630/630
f 631/631/631 632/632/632 633/633/633
f 634/634/634 635/635/635 636/636/636
f 637/637/637 638/638/638 639/639/639
f 640/640/640 641/641/641 642/642/642
f 643/643/643 644/644/644 645/645/645
f 646/646/646 647/647/647 648/648/648
f 649/649/649 650/650/650 651/651/651
f 652/652/652 653/653/653 654/654/654
f 655/655/655 656/656/656 657/657/657
f 658/658/658 659/659/659 660/660/660
f 661/661/661 662/662/662 663/663/663
f 664/664/664 665/665/665 666/666/666
f 667/667/667 668/668/668 669/669/669
f 670/670/670 671/671/671 672/672/672
f 673/673/673 674/674/674 675/675/675
f 676/676/676 677/677/677 678/678/678
f 679/679/679 680/680/680 681/681/681
f 682/682/682 683/683/683 684/684/684
f 685/685/685 686/686/686 687/687/687
f 688/688/688 689/689/689 690/690/690
f 691/691/691 692/692/692 693/693/693
f 694/694/694 695/695/695 696/696/696
f 697/697/697 698/698/698 699/699/699
f 700/700/700 701/701/701 702/702/702
f 703/703/703 704/704/704 705/705/705
f 706/706/706 707/707/707 708/708/708
f 709/709/709 710/710/710 711/711/711
f 712/712/712 713/713/713 714/714/714
f 715/715/715 716/716/716 717/717/717
f 718/718/718 719/719/719 720/720/720
f 721/721/721 722/722/722 723/723/723
f 724/724/724 725/725/725 726/726/726
f 727/727/727 728/728/728 729/729/729
f 730/730/730 731/731/731 732/732/732
f 733/733/733 734/734/734 735/735/735
f 736/736/736 737/737/737 738/738/738
f 739/739/739 740/740/740 741/741/741
f 742/742/742 743/743/743 744/744/744
f 745/745/745 746/746/746 747/747/747
f 748/748/748 749/749/749 750/750/750
f 751/751/751 752/752/752 753/753/753
f 754/754/754 755/755/755 756/756/756
f 757/757/757 758/758/758 759/759/759
f 760/760/760 761/761/761 762/762/762
f 763/763/763 764/764/764 765/765/765
f 766/766/766 767/767/767 768/768/768
f 769/769/769 770/770/770 771/771/771
f 772/772/772 773/773/773 774/774/774
f 775/775/775 776/776/776 777/777/777
f 778/778/778 779/779/779 780/780/780
f 781/781/781 782/782/782 783/783/783
f 784/784/784 785/785/785 786/786/786
f 787/787/787 788/788/788 789/789/789
f 790/790/790 791/791/791 792/792/792
f 793/793/793 794/794/794 795/795/795
f 796/796/796 797/797/797 798/798/798
f 799/799/799 800/800/800 801/801/801
f 802/802/802 803/803/803 804/804/804
f 805/805/805 806/806/806 807/807/807
f 808/808/808 809/809/809 810/810/810
f 811/811/811 812/812/812 813/813/813
f 814/814/814 815/815/815 816/816/816
f 817/817/817 818/818/818 819/819/819
f 820/820/820 821/821/821 822/822/822
f 823/823/823 824/824/824 825/825/825
f 826/826/826 827/827/827 828/828/828
f 829/829/829 830/830/830 831/831/831
f 832/832/832 833/833/833 834/834/834
f 835/835/835 836/836/836 837/837/837
f 838/838/838 839/839/839 840/840/840
f 841/841/841 842/842/842 843/843/843
f 844/844/844 845/845/845 846/846/846
f 847/847/847 848/848/848 849/849/849
f 850/850/850 851/851/851 852/852/852
f 853/853/853 854/854/854 855/855/855
f 856/856/856 857/857/857 858/858/858
f 859/859/859 860/860/860 861/861/861
f 862/862/862 863/863/863 864/864/864
f 865/865/865 866/866/866 867/867/867
f 868/868/868 869/869/869 870/870/870
f 871/871/871 872/872/872 873/873/873
f 874/874/874 875/875/875 876/876/876
f 877/877/877 878/878/878 879/879/879
f 880/880/880 881/881/881 882/882/882
f 883/883/883 884/884/884 885/885/885
f 886/886/886 887/887/887 888/888/888
f 889/889/889 890/890/890 891/891/891
f 892/892/892 893/893/893 894/894/894
f 895/895/895 896/896/896 897/897/897
f 898/898/898 899/899/899 900/900/900
f 901/901/901 902/902/902 903/903/903
f 904/904/904 905/905/905 906/906/906
f 907/907/907 908/908/908 909/909/909
f 910/910/910 911/911/911 912/912/912
f 913/913/913 914/914/914 915/915/915
f 916/916/916 917/917/917 918/918/918
f 919/919/919 920/920/920 921/921/921
f 922/922/922 923/923/923 924/924/924
f 925/925/925 926/926/926 927/927/927
f 928/928/928 929/929/929 930/930/930
f 931/931/931 932/932/932 933/933/933
f 934/934/934 935/935/935 936/936/936
f 937/937/937 938/938/938 939/939/939
f 940/940/940 941/941/941 942/942/942
f 943/943/943 944/944/944 945/945/945
f 946/946/946 947/947/947 948/948/948
f 949/949/949 950/950/950 951/951/951
f 952/952/952 953/953/953 954/954/954
f 955/955/955 956/956/956 957/957/957
f 958/958/958 959/959/959 960/960/960
f 961/961/961 962/962/962 963/963/963
f 964/964/964 965/965/965 966/966/966
f 967/967/967 968/968/968 969/969/969
f 970/970/970 971/971/971 972/972/972
f 973/973/973 974/974/974 975/975/975
f 976/976/976 977/977/977 978/978/978
f 979/979/979 980/980/980 981/981/981
f 982/982/982 983/983/983 984/984/984
f 985/985/985 986/986/986 987/987/987
f 988/988/988 989/989/989 990/990/990
f 991/991/991 992/992/992 993/993/993
f 994/994/994 995/995/995 996/996/996
f 997/997/997 998/998/998 999/999/999
f 1000/1000/1000 1001/1001/1001 1002/1002/1002
f 1003/1003/1003 1004/1004/1004 1005/1005/1005
f 1006/1006/1006 1007/1007/1007 1008/1008/1008
f 1009/1009/1009 1010/1010/1010 1011/1011/1011
f 1012/1012/1012 1013/1013/1013 1014/1014/1014
f 1015/1015/1015 1016/1016/1016 1017/1017/1017
f 1018/1018/1018 1019/1019/1019 1020/1020/1020
f 1021/1021/1021 1022/1022/1022 1023/1023/1023
f 1024/1024/1024 1025/1025/1025 1026/1026/1026
f 1027/1027/1027 1028/1028/1028 1029/1029/1029
f 1030/1030/1030 1031/1031/1031 1032/1032/1032
f 1033/1033/1033 1034/1034/1034 1035/1035/1035
f 1036/1036/1036 1037/1037/1037 1038/1038/1038
f 1039/1039/1039 1040/1040/1040 1041/1041/1041
f 1042/1042/1042 1043/1043/1043 1044/1044/1044
f 1045/1045/1045 1046/1046/1046 1047/1047/1047
f 1048/1048/1048 1049/1049/1049 1050/1050/1050
f 1051/1051/1051 1052/1052/1052 1053/1053/1053
f 1054/1054/1054 1055/1055/1055 1056/1056/1056
f 1057/1057/1057 1058/1058/1058 1059/1059/1059
f 1060/1060/1060 1061/1061/1061 1062/1062/1062
f 1063/1063/1063 1064/1064/1064 1065/1065/1065
f 1066/1066/1066 1067/1067/1067 1068/1068/1068
f 1069/1069/1069 1070/1070/1070 1071/1071/1071
f 1072/1072/1072 1073/1073/1073 1074/1074/1074
f 1075/1075/1075 1076/1076/1076 1077/1077/1077
f 1078/1078/1078 1079/1079/1079 1080/1080/1080
f 1081/1081/1081 1082/1082/1082 1083/1083/1083
f 1084/1084/1084 1085/1085/1085 1086/1086/1086
f 1087/1087/1087 1088/1088/1088 1089/1089/1089
f 1090/1090/1090 1091/1091/1091 1092/1092/1092
f 1093/1093/1093 1094/1094/1094 1095/1095/1095
f 1096/1096/1096 1097/1097/1097 1098/1098/1098
f 1099/1099/1099 1100/1100/1100 1101/1101/1101
f 1102/1102/1102 1103/1103/1103 1104/1104/1104
f 1105/1105/1105 1106/1106/1106 1107/1107/1107
f 1108/1108/1108 1109/1109/1109 1110/1110/1110
f 1111/1111/1111 1112/1112/1112 1113/1113/1113
f 1114/1114/1114 1115/1115/1115 1116/1116/1116
f 1117/1117/1117 1118/1118/1118 1119/1119/1119
f 1120/1120/1120 1121/1121/1121 1122/1122/1122
f 1123/1123/1123 1124/1124/1124 1125/1125/1125
f 1126/1126/1126 1127/1127/1127 1128/1128/1128
f 1129/1129/1129 1130/1130/1130 1131/1131/1131
f 1132/1132/1132 1133/1133/1133 1134/1134/1134
f 1135/1135/1135 1136/1136/1136 1137/1137/1137
f 1138/1138/1138 1139/1139/1139 1140/1140/1140
f 1141/1141/1141 1142/1142/1142 1143/1143/1143
f 1144/1144/1144 1145/1145/1145 1146/1146/1146
f 1147/1147/1147 1148/1148/1148 1149/1149/1149
f 1150/1150/1150 1151/1151/1151 1152/1152/1152
f 1153/1153/1153 1154/1154/1154 1155/1155/1155
f 1156/1156/1156 1157/1157/1157 1158/1158/1158
f 1159/1159/1159 1160/1160/1160 1161/1161/1161
f 1162/1162/1162 1163/1163/1163 1164/1164/1164
f 1165/1165/1165 1166/1166/1166 1167/1167/1167
f 1168/1168/1168 1169/1169/1169 1170/1170/1170
f 1171/1171/1171 1172/1172/1172 1173/1173/1173
f 1174/1174/1174 1175/1175/1175 1176/1176/1176
f 1177/1177/1177 1178/1178/1178 1179/1179/1179
f 1180/1180/1180 1181/1181/1181 1182/1182/1182
f 1183/1183/1183 1184/1184/1184 1185/1185/1185
f 1186/1186/1186 1187/1187/1187 1188/1188/1188
f 1189/1189/1189 1190/1190/1190 1191/1191/1191
f 1192/1192/1192 1193/1193/1193 1194/1194/1194
f 1195/1195/1195 1196/1196/1196 1197/1197/1197
f 1198/1198/1198 1199/1199/1199 1200/1200/1200
f 1201/1201/1201 1202/1202/1202 1203/1203/1203
f 1204/1204/1204 1205/1205/1205 1206/1206/1206
f 1207/1207/1207 1208/1208/1208 1209/1209/1209
f 1210/1210/1210 1211/1211/1211 1212/1212/1212
f 1213/1213/1213 1214/1214/1214 1215/1215/1215
f 1216/1216/1216 1217/1217/1217 1218/1218/1218
f 1219/1219/1219 1220/1220/1220 1221/1221/1221
f 1222/1222/1222 1223/1223/1223 1224/1224/1224
f 1225/1225/1225 1226/1226/1226 1227/1227/1227
f 1228/1228/1228 1229/1229/1229 1230/1230/1230
f 1231/1231/1231 1232/1232/1232 1233/1233/1233
f 1234/1234/1234 1235/1235/1235 1236/1236/1236
f 1237/1237/1237 1238/1238/1238 1239/1239/1239
f 1240/1240/1240 1241/1241/1241 1242/1242/1242
f 1243/1243/1243 1244/1244/1244 1245/1245/1245
f 1246/1246/1246 1247/1247/1247 1248/1248/1248
f 1249/1249/1249 1250/1250/1250 1251/1251/1251
f 1252/1252/1252 1253/1253/1253 1254/1254/1254
f 1255/1255/1255 1256/1256/1256 1257/1257/1257
f 1258/1258/1258 1259/1259/1259 1260/1260/1260
f 1261/1261/1261 1262/1262/1262 1263/1263/1263
f 1264/1264/1264 1265/1265/1265 1266/1266/1266
f 1267/1267/1267 1268/1268/1268 1269/1269/1269
f 1270/1270/1270 1271/1271/1271 1272/1272/1272
f 1273/1273/1273 1274/1274/1274 1275/1275/1275
f 1276/1276/1276 1277/1277/1277 1278/1278/1278
f 1279/1279/1279 1280/1280/1280 1281/1281/1281
f 1282/1282/1282 1283/1283/1283 1284/1284/1284
f 1285/1285/1285 1286/1286/1286 1287/1287/1287
f 1288/1288/1288 1289/1289/1289 1290/1290/1290
f 1291/1291/1291 1292/1292/1292 1293/1293/1293
f 1294/1294/1294 1295/1295/1295 1296/1296/1296
f 1297/1297/1297 1298/1298/1298 1299/1299/1299
f 1300/1300/1300 1301/1301/1301 1302/1302/1302
f 1303/1303/1303 1304/1304/1304 1305/1305/1305
f 1306/1306/1306 1307/1307/1307 1308/1308/1308
f 1309/1309/1309 1310/1310/1310 1311/1311/1311
f 1312/1312/1312 1313/1313/1313 1314/1314/1314
f 1315/1315/1315 1316/1316/1316 1317/1317/1317
f 1318/1318/1318 1319/1319/1319 1320/1320/1320
f 1321/1321/1321 1322/1322/1322 1323/1323/1323
f 1324/1324/1324 1325/1325/1325 1326/1326/1326
f 1327/1327/1327 1328/1328/1328 1329/1329/1329
f 1330/1330/1330 1331/1331/1331 1332/1332/1332
f 1333/1333/1333 1334/1334/1334 1335/1335/1335
f 1336/1336/1336 1337/1337/1337 1338/1338/1338
f 1339/1339/1339 1340/1340/1340 1341/1341/1341
f 1342/1342/1342 1343/1343/1343 1344/1344/1344
f 1345/1345/1345 1346/1346/1346 1347/1347/1347
f 1348/1348/1348 1349/1349/1349 1350/1350/1350
f 1351/1351/1351 1352/1352/1352 1353/1353/1353
f 1354/1354/1354 1355/1355/1355 1356/1356/1356
f 1357/1357/1357 1358/1358/1358 1359/1359/1359
f 1360/1360/1360 1361/1361/1361 1362/1362/1362
f 1363/1363/1363 1364/1364/1364 1365/1365/1365
f 1366/1366/1366 1367/1367/1367 1368/1368/1368
f 1369/1369/1369 1370/1370/1370 1371/1371/1371
f 1372/1372/1372 1373/1373/1373 1374/1374/1374
f 1375/1375/1375 1376/1376/1376 1377/1377/1377
f 1378/1378/1378 1379/1379/1379 1380/1380/1380
f 1381/1381/1381 1382/1382/1382 1383/1383/1383
f 1384/1384/1384 1385/1385/1385 1386/1386/1386
f 1387/1387/1387 1388/1388/1388 1389/1389/1389
f 1390/1390/1390 1391/1391/1391 1392/1392/1392
f 1393/1393/1393 1394/1394/1394 1395/1395/1395
f 1396/1396/1396 1397/1397/1397 1398/1398/1398
f 1399/1399/1399 1400/1400/1400 1401/1401/1401
f 1402/1402/1402 1403/1403/1403 1404/1404/1404
f 1405/1405/1405 1406/1406/1406 1407/1407/1407
f 1408/1408/1408 1409/1409/1409 1410/1410/1410
f 1411/1411/1411 1412/1412/1412 1413/1413/1413
f 1414/1414/1414 1415/1415/1415 1416/1416/1416
f 1417/1417/1417 1418/1418/1418 1419/1419/1419
f 1420/1420/1420 1421/1421/1421 1422/1422/1422
f 1423/1423/1423 1424/1424/1424 1425/1425/1425
f 1426/1426/1426 1427/1427/1427 1428/1428/1428
f 1429/1429/1429 1430/1430/1430 1431/1431/1431
f 1432/1432/1432 1433/1433/1433 1434/1434/1434
f 1435/1435/1435 1436/1436/1436 1437/1437/1437
f 1438/1438/1438 1439/1439/1439 1440/1440/1440
f 1441/1441/1441 1442/1442/1442 1443/1443/1443
f 1444/1444/1444 1445/1445/1445 1446/1446/1446
f 1447/1447/1447 1448/1448/1448 1449/1449/1449
f 1450/1450/1450 1451/1451/1451 1452/1452/1452
f 1453/1453/1453 1454/1454/1454 1455/1455/1455
f 1456/1456/1456 1457/1457/1457 1458/1458/1458
f 1459/1459/1459 1460/1460/1460 1461/1461/1461
f 1462/1462/1462 1463/1463/1463 1464/1464/1464
f 1465/1465/1465 1466/1466/1466 1467/1467/1467
f 1468/1468/1468 1469/1469/1469 1470/1470/1470
f 1471/1471/1471 1472/1472/1472 1473/1473/1473
f 1474/1474/1474 1475/1475/1475 1476/1476/1476
f 1477/1477/1477 1478/1478/1478 1479/1479/1479
f 1480/1480/1480 1481/1481/1481 1482/1482/1482
f 1483/1483/1483 1484/1484/1484 1485/1485/1485
f 1486/1486/1486 1487/1487/1487 1488/1488/1488
f 1489/1489/1489 1490/1490/1490 1491/1491/1491
f 1492/1492/1492 1493/1493/1493 1494/1494/1494
f 1495/1495/1495 1496/1496/1496 1497/1497/1497
f 1498/1498/1498 1499/1499/1499 1500/1500/1500
f 1501/1501/1501 1502/1502/1502 1503/1503/1503
f 1504/1504/1504 1505/1505/1505 1506/1506/1506
f 1507/1507/1507 1508/1508/1508 1509/1509/1509
f 1510/1510/1510 1511/1511/1511 1512/1512/1512
f 1513/1513/1513 1514/1514/1514 1515/1515/1515
f 1516/1516/1516 1517/1517/1517 1518/1518/1518
f 1519/1519/1519 1520/1520/1520 1521/1521/1521
f 1522/1522/1522 1523/1523/1523 1524/1524/1524
f 1525/1525/1525 1526/1526/1526 1527/1527/1527
f 1528/1528/1528 1529/1529/1529 1530/1530/1530
f 1531/1531/1531 1532/1532/1532 1533/1533/1533
f 1534/1534/1534 1535/1535/1535 1536/1536/1536
f 1537/1537/1537 1538/1538/1538 1539/1539/1539
f 1540/1540/1540 1541/1541/1541 1542/1542/1542
f 1543/1543/1543 1544/1544/1544 1545/1545/1545
f 1546/1546/1546 1547/1547/1547 1548/1548/1548
f 1549/1549/1549 1550/1550/1550 1551/1551/1551
f 1552/1552/1552 1553/1553/1553 1554/1554/1554
f 1555/1555/1555 1556/1556/1556 1557/1557/1557
f 1558/1558/1558 1559/1559/1559 1560/1560/1560
f 1561/1561/1561 1562/1562/1562 1563/1563/1563
f 1564/1564/1564 1565/1565/1565 1566/1566/1566
f 1567/1567/1567 1568/1568/1568 1569/1569/1569
f 1570/1570/1570 1571/1571/1571 1572/1572/1572
f 1573/1573/1573 1574/1574/1574 1575/1575/1575
f 1576/1576/1576 1577/1577/1577 1578/1578/1578
f 1579/1579/1579 1580/1580/1580 1581/1581/1581
f 1582/1582/1582 1583/1583/1583 1584/1584/1584
f 1585/1585/1585 1586/1586/1586 1587/1587/1587
f 1588/1588/1588 1589/1589/1589 1590/1590/1590
f 1591/1591/1591 1592/1592/1592 1593/1593/1593
f 1594/1594/1594 1595/1595/1595 1596/1596/1596
f 1597/1597/1597 1598/1598/1598 1599/1599/1599
f 1600/1600/1600 1601/1601/1601 1602/1602/1602
f 1603/1603/1603 1604/1604/1604 1605/1605/1605
f 1606/1606/1606 1607/1607/1607 1608/1608/1608
f 1609/1609/1609 1610/1610/1610 1611/1611/1611
f 1612/1612/1612 1613/1613/1613 1614/1614/1614
f 1615/1615/1615 1616/1616/1616 1617/1617/1617
f 1618/1618/1618 1619/1619/1619 1620/1620/1620
f 1621/1621/1621 1622/1622/1622 1623/1623/1623
f 1624/1624/1624 1625/1625/1625 1626/1626/1626
f 1627/1627/1627 1628/1628/1628 1629/1629/1629
f 1630/1630/1630 1631/1631/1631 1632/1632/1632
f 1633/1633/1633 1634/1634/1634 1635/1635/1635
f 1636/1636/1636 1637/1637/1637 1638/1638/1638
f 1639/1639/1639 1640/1640/1640 1641/1641/1641
f 1642/1642/1642 1643/1643/1643 1644/1644/1644
f 1645/1645/1645 1646/1646/1646 1647/1647/1647
f 1648/1648/1648 1649/1649/1649 1650/1650/1650
f 1651/1651/1651 1652/1652/1652 1653/1653/1653
f 1654/1654/1654 1655/1655/1655 1656/1656/1656
f 1657/1657/1657 1658/1658/1658 1659/1659/1659
f 1660/1660/1660 1661/1661/1661 1662/1662/1662
f 1663/1663/1663 1664/1664/1664 1665/1665/1665
f 1666/1666/1666 1667/1667/1667 1668/1668/1668
f 1669/1669/1669 1670/1670/1670 1671/1671/1671
f 1672/1672/1672 1673/1673/1673 1674/1674/1674
f 1675/1675/1675 1676/1676/1676 1677/1677/1677
f 1678/1678/1678 1679/1679/1679 1680/1680/1680
f 1681/1681/1681 1682/1682/1682 1683/1683/1683
f 1684/1684/1684 1685/1685/1685 1686/1686/1686
f 1687/1687/1687 1688/1688/1688 1689/1689/1689
f 1690/1690/1690 1691/1691/1691 1692/1692/1692
f 1693/1693/1693 1694/1694/1694 1695/1695/1695
f 1696/1696/1696 1697/1697/1697 1698/1698/1698
f 1699/1699/1699 1700/1700/1700 1701/1701/1701
f 1702/1702/1702 1703/1703/1703 1704/1704/1704
f 1705/1705/1705 1706/1706/1706 1707/1707/1707
f 1708/1708/1708 1709/1709/1709 1710/1710/1710
f 1711/1711/1711 1712/1712/1712 1713/1713/1713
f 1714/1714/1714 1715/1715/1715 1716/1716/1716
f 1717/1717/1717 1718/1718/1718 1719/1719/1719
f 1720/1720/1720 1721/1721/1721 1722/1722/1722
f 1723/1723/1723 1724/1724/1724 1725/1725/1725
f 1726/1726/1726 1727/1727/1727 1728/1728/1728
f 1729/1729/1729 1730/1730/1730 1731/1731/1731
f 1732/1732/1732 1733/1733/1733 1734/1734/1734
f 1735/1735/1735 1736/1736/1736 1737/1737/1737
f 1738/1738/1738 1739/1739/1739 1740/1740/1740
f 1741/1741/1741 1742/1742/1742 1743/1743/1743
f 1744/1744/1744 1745/1745/1745 1746/1746/1746
f 1747/1747/1747 1748/1748/1748 1749/1749/1749
f 1750/1750/1750 1751/1751/1751 1752/1752/1752
f 1753/1753/1753 1754/1754/1754 1755/1755/1755
f 1756/1756/1756 1757/1757/1757 1758/1758/1758
f 1759/1759/1759 1760/1760/1760 1761/1761/1761
f 1762/1762/1762 1763/1763/1763 1764/1764/1764
f 1765/1765/1765 1766/1766/1766 1767/1767/1767
f 1768/1768/1768 1769/1769/1769 1770/1770/1770
f 1771/1771/1771 1772/1772/1772 1773/1773/1773
f 1774/1774/1774 1775/1775/1775 1776/1776/1776
f 1777/1777/1777 1778/1778/1778 1779/1779/1779
f 1780/1780/1780 1781/1781/1781 1782/1782/1782
f 1783/1783/1783 1784/1784/1784 1785/1785/1785
f 1786/1786/1786 1787/1787/1787 1788/1788/1788
f 1789/1789/1789 1790/1790/1790 1791/1791/1791
f 1792/1792/1792 1793/1793/1793 1794/1794/1794
f 1795/1795/1795 1796/1796/1796 1797/1797/1797
f 1798/1798/1798 1799/1799/1799 1800/1800/1800
f 1801/1801/1801 1802/1802/1802 1803/1803/1803
f 1804/1804/1804 1805/1805/1805 1806/1806/1806
f 1807/1807/1807 1808/1808/1808 1809/1809/1809
f 1810/1810/1810 1811/1811/1811 1812/1812/1812
f 1813/1813/1813 1814/1814/1814 1815/1815/1815
f 1816/1816/1816 1817/1817/1817 1818/1818/1818
f 1819/1819/1819 1820/1820/1820 1821/1821/1821
f 1822/1822/1822 1823/1823/1823 1824/1824/1824
f 1825/1825/1825 1826/1826/1826 1827/1827/1827
f 1828/1828/1828 1829/1829/1829 1830/1830/1830
f 1831/1831/1831 1832/1832/1832 1833/1833/1833
f 1834/1834/1834 1835/1835/1835 1836/1836/1836
f 1837/1837/1837 1838/1838/1838 1839/1839/1839
f 1840/1840/1840 1841/1841/1841 1842/1842/1842
f 1843/1843/1843 1844/1844/1844 1845/1845/1845
f 1846/1846/1846 1847/1847/1847 1848/1848/1848
f 1849/1849/1849 1850/1850/1850 1851/1851/1851
f 1852/1852/1852 1853/1853/1853 1854/1854/1854
f 1855/1855/1855 1856/1856/1856 1857/1857/1857
f 1858/1858/1858 1859/1859/1859 1860/1860/1860
f 1861/1861/1861 1862/1862/1862 1863/1863/1863
f 1864/1864/1864 1865/1865/1865 1866/1866/1866
f 1867/1867/1867 1868/1868/1868 1869/1869/1869
f 1870/1870/1870 1871/1871/1871 1872/1872/1872
f 1873/1873/1873 1874/1874/1874 1875/1875/1875
f 1876/1876/1876 1877/1877/1877 1878/1878/1878
f 1879/1879/1879 1880/1880/1880 1881/1881/1881
f 1882/1882/1882 1883/1883/1883 1884/1884/1884
f 1885/1885/1885 1886/1886/1886 1887/1887/1887
f 1888/1888/1888 1889/1889/1889 1890/1890/1890
f 1891/1891/1891 1892/1892/1892 1893/1893/1893
f 1894/1894/1894 1895/1895/1895 1896/1896/1896
f 1897/1897/1897 1898/1898/1898 1899/1899/1899
f 1900/1900/1900 1901/1901/1901 1902/1902/1902
f 1903/1903/1903 1904/1904/1904 1905/1905/1905
f 1906/1906/1906 1907/1907/1907 1908/1908/1908
f 1909/1909/1909 1910/1910/1910 1911/1911/1911
f 1912/1912/1912 1913/1913/1913 1914/1914/1914
f 1915/1915/1915 1916/1916/1916 1917/1917/1917
f 1918/1918/1918 1919/1919/1919 1920/1920/1920
f 1921/1921/1921 1922/1922/1922 1923/1923/1923
f 1924/1924/1924 1925/1925/1925 1926/1926/1926
f 1927/1927/1927 1928/1928/1928 1929/1929/1929
f 1930/1930/1930 1931/1931/1931 1932/1932/1932
f 1933/1933/1933 1934/1934/1934 1935/1935/1935
f 1936/1936/1936 1937/1937/1937 1938/1938/1938
f 1939/1939/1939 1940/1940/1940 1941/1941/1941
f 1942/1942/1942 1943/1943/1943 1944/1944/1944
f 1945/1945/1945 1946/1946/1946 1947/1947/1947
f 1948/1948/1948 1949/1949/1949 1950/1950/1950
f 1951/1951/1951 1952/1952/1952 1953/1953/1953
f 1954/1954/1954 1955/1955/1955 1956/1956/1956
f 1957/1957/1957 1958/1958/1958 1959/1959/1959
f 1960/1960/1960 1961/1961/1961 1962/1962/1962
f 1963/1963/1963 1964/1964/1964 1965/1965/1965
f 1966/1966/1966 1967/1967/1967 1968/1968/1968
f 1969/1969/1969 1970/1970/1970 1971/1971/1971
f 1972/1972/1972 1973/1973/1973 1974/1974/1974
f 1975/1975/1975 1976/1976/1976 1977/1977/1977
f 1978/1978/1978 1979/1979/1979 1980/1980/1980
f 1981/1981/1981 1982/1982/1982 1983/1983/1983
f 1984/1984/1984 1985/1985/1985 1986/1986/1986
f 1987/1987/1987 1988/1988/1988 1989/1989/1989
f 1990/1990/1990 1991/1991/1991 1992/1992/1992
f 1993/1993/1993 1994/1994/1994 1995/1995/1995
f 1996/1996/1996 1997/1997/1997 1998/1998/1998
f 1999/1999/1999 2000/2000/2000 2001/2001/2001
f 2002/2002/2002 2003/2003/2003 2004/2004/2004
f 2005/2005/2005 2006/2006/2006 2007/2007/2007
f 2008/2008/2008 2009/2009/2009 2010/2010/2010
f 2011/2011/2011 2012/2012/2012 2013/2013/2013
f 2014/2014/2014 2015/2015/2015 2016/2016/2016
f 2017/2017/2017 2018/2018/2018 2019/2019/2019
f 2020/2020/2020 2021/2021/2021 2022/2022/2022
f 2023/2023/2023 2024/2024/2024 2025/2025/2025
f 2026/2026/2026 2027/2027/2027 2028/2028/2028
f 2029/2029/2029 2030/2030/2030 2031/2031/2031
f 2032/2032/2032 2033/2033/2033 2034/2034/2034
f 2035/2035/2035 2036/2036/2036 2037/2037/2037
f 2038/2038/2038 2039/2039/2039 2040/2040/2040
f 2041/2041/2041 2042/2042/2042 2043/2043/2043
f 2044/2044/2044 2045/2045/2045 2046/2046/2046
f 2047/2047/2047 2048/2048/2048 2049/2049/2049
f 2050/2050/2050 2051/2051/2051 2052/2052/2052
f 2053/2053/2053 2054/2054/2054 2055/2055/2055
f 2056/2056/2056 2057/2057/2057 2058/2058/2058
f 2059/2059/2059 2060/2060/2060 2061/2061/2061
f 2062/2062/2062 2063/2063/2063 2064/2064/2064
f 2065/2065/2065 2066/2066/2066 2067/2067/2067
f 2068/2068/2068 2069/2069/2069 2070/2070/2070
f 2071/2071/2071 2072/2072/2072 2073/2073/2073
f 2074/2074/2074 2075/2075/2075 2076/2076/2076
f 2077/2077/2077 2078/2078/2078 2079/2079/2079
f 2080/2080/2080 2081/2081/2081 2082/2082/2082
f 2083/2083/2083 2084/2084/2084 2085/2085/2085
f 2086/2086/2086 2087/2087/2087 2088/2088/2088
f 2089/2089/2089 2090/2090/2090 2091/2091/2091
f 2092/2092/2092 2093/2093/2093 2094/2094/2094
f 2095/2095/2095 2096/2096/2096 2097/2097/2097
f 2098/2098/2098 2099/2099/2099 2100/2100/2100
f 2101/2101/2101 2102/2102/2102 2103/2103/2103
f 2104/2104/2104 2105/2105/2105 2106/2106/2106
f 2107/2107/2107 2108/2108/2108 2109/2109/2109
f 2110/2110/2110 2111/2111/2111 2112/2112/2112
f 2113/2113/2113 2114/2114/2114 2115/2115/2115
f 2116/2116/2116 2117/2117/2117 2118/2118/2118
f 2119/2119/2119 2120/2120/2120 2121/2121/2121
f 2122/2122/2122 2123/2123/2123 2124/2124/2124
f 2125/2125/2125 2126/2126/2126 2127/2127/2127
f 2128/2128/2128 2129/2129/2129 2130/2130/2130
f 2131/2131/2131 2132/2132/2132 2133/2133/2133
f 2134/2134/2134 2135/2135/2135 2136/2136/2136
f 2137/2137/2137 2138/2138/2138 2139/2139/2139
f 2140/2140/2140 2141/2141/2141 2142/2142/2142
f 2143/2143/2143 2144/2144/2144 2145/2145/2145
f 2146/2146/2146 2147/2147/2147 2148/2148/2148
f 2149/2149/2149 2150/2150/2150 2151/2151/2151
f 2152/2152/2152 2153/2153/2153 2154/2154/2154
f 2155/2155/2155 2156/2156/2156 2157/2157/2157
f 2158/2158/2158 2159/2159/2159 2160/2160/2160
f 2161/2161/2161 2162/2162/2162 2163/2163/2163
f 2164/2164/2164 2165/2165/2165 2166/2166/2166
f 2167/2167/2167 2168/2168/2168 2169/2169/2169
f 2170/2170/2170 2171/2171/2171 2172/2172/2172
f 2173/2173/2173 2174/2174/2174 2175/2175/2175
f 2176/2176/2176 2177/2177/2177 2178/2178/2178
f 2179/2179/2179 2180/2180/2180 2181/2181/2181
f 2182/2182/2182 2183/2183/2183 2184/2184/2184
f 2185/2185/2185 2186/2186/2186 2187/2187/2187
f 2188/2188/2188 2189/2189/2189 2190/2190/2190
f 2191/2191/2191 2192/2192/2192 2193/2193/2193
f 2194/2194/2194 2195/2195/2195 2196/2196/2196
f 2197/2197/2197 2198/2198/2198 2199/2199/2199
f 2200/2200/2200 2201/2201/2201 2202/2202/2202
f 2203/2203/2203 2204/2204/2204 2205/2205/2205
f 2206/2206/2206 2207/2207/2207 2208/2208/2208
f 2209/2209/2209 2210/2210/2210 2211/2211/2211
f 2212/2212/2212 2213/2213/2213 2214/2214/2214
f 2215/2215/2215 2216/2216/2216 2217/2217/2217
f 2218/2218/2218 2219/2219/2219 2220/2220/2220
f 2221/2221/2221 2222/2222/2222 2223/2223/2223
f 2224/2224/2224 2225/2225/2225 2226/2226/2226
f 2227/2227/2227 2228/2228/2228 2229/2229/2229
f 2230/2230/2230 2231/2231/2231 2232/2232/2232
f 2233/2233/2233 2234/2234/2234 2235/2235/2235
f 2236/2236/2236 2237/2237/2237 2238/2238/2238
f 2239/2239/2239 2240/2240/2240 2241/2241/2241
f 2242/2242/2242 2243/2243/2243 2244/2244/2244
f 2245/2245/2245 2246/2246/2246 2247/2247/2247
f 2248/2248/2248 2249/2249/2249 2250/2250/2250
f 2251/2251/2251 2252/2252/2252 2253/2253/2253
f 2254/2254/2254 2255/2255/2255 2256/2256/2256
f 2257/2257/2257 2258/2258/2258 2259/2259/2259
f 2260/2260/2260 2261/2261/2261 2262/2262/2262
f 2263/2263/2263 2264/2264/2264 2265/2265/2265
f 2266/2266/2266 2267/2267/2267 2268/2268/2268
f 2269/2269/2269 2270/2270/2270 2271/2271/2271
f 2272/2272/2272 2273/2273/2273 2274/2274/2274
f 2275/2275/2275 2276/2276/2276 2277/2277/2277
f 2278/2278/2278 2279/2279/2279 2280/2280/2280
f 2281/2281/2281 2282/2282/2282 2283/2283/2283
f 2284/2284/2284 2285/2285/2285 2286/2286/2286
f 2287/2287/2287 2288/2288/2288 2289/2289/2289
f 2290/2290/2290 2291/2291/2291 2292/2292/2292
f 2293/2293/2293 2294/2294/2294 2295/2295/2295
f 2296/2296/2296 2297/2297/2297 2298/2298/2298
f 2299/2299/2299 2300/2300/2300 2301/2301/2301
f 2302/2302/2302 2303/2303/2303 2304/2304/2304
f 2305/2305/2305 2306/2306/2306 2307/2307/2307
f 2308/2308/2308 2309/2309/2309 2310/2310/2310
f 2311/2311/2311 2312/2312/2312 2313/2313/2313
f 2314/2314/2314 2315/2315/2315 2316/2316/2316
f 2317/2317/2317 2318/2318/2318 2319/2319/2319
f 2320/2320/2320 2321/2321/2321 2322/2322/2322
f 2323/2323/2323 2324/2324/2324 2325/2325/2325
f 2326/2326/2326 2327/2327/2327 2328/2328/2328
f 2329/2329/2329 2330/2330/2330 2331/2331/2331
f 2332/2332/2332 2333/2333/2333 2334/2334/2334
f 2335/2335/2335 2336/2336/2336 2337/2337/2337
f 2338/2338/2338 2339/2339/2339 2340/2340/2340
f 2341/2341/2341 2342/2342/2342 2343/2343/2343
f 2344/2344/2344 2345/2345/2345 2346/2346/2346
f 2347/2347/2347 2348/2348/2348 2349/2349/2349
f 2350/2350/2350 2351/2351/2351 2352/2352/2352
f 2353/2353/2353 2354/2354/2354 2355/2355/2355
f 2356/2356/2356 2357/2357/2357 2358/2358/2358
f 2359/2359/2359 2360/2360/2360 2361/2361/2361
f 2362/2362/2362 2363/2363/2363 2364/2364/2364
f 2365/2365/2365 2366/2366/2366 2367/2367/2367
f 2368/2368/2368 2369/2369/2369 2370/2370/2370
f 2371/2371/2371 2372/2372/2372 2373/2373/2373
f 2374/2374/2374 2375/2375/2375 2376/2376/2376
f 2377/2377/2377 2378/2378/2378 2379/2379/2379
f 2380/2380/2380 2381/2381/2381 2382/2382/2382
f 2383/2383/2383 2384/2384/2384 2385/2385/2385
f 2386/2386/2386 2387/2387/2387 2388/2388/2388
f 2389/2389/2389 2390/2390/2390 2391/2391/2391
f 2392/2392/2392 2393/2393/2393 2394/2394/2394
f 2395/2395/2395 2396/2396/2396 2397/2397/2397
f 2398/2398/2398 2399/2399/2399 2400/2400/2400
f 2401/2401/2401 2402/2402/2402 2403/2403/2403
f 2404/2404/2404 2405/2405/2405 2406/2406/2406
f 2407/2407/2407 2408/2408/2408 2409/2409/2409
f 2410/2410/2410 2411/2411/2411 2412/2412/2412
f 2413/2413/2413 2414/2414/2414 2415/2415/2415
f 2416/2416/2416 2417/2417/2417 2418/2418/2418
f 2419/2419/2419 2420/2420/2420 2421/2421/2421
f 2422/2422/2422 2423/2423/2423 2424/2424/2424
f 2425/2425/2425 2426/2426/2426 2427/2427/2427
f 2428/2428/2428 2429/2429/2429 2430/2430/2430
f 2431/2431/2431 2432/2432/2432 2433/2433/2433
f 2434/2434/2434 2435/2435/2435 2436/2436/2436
f 2437/2437/2437 2438/2438/2438 2439/2439/2439
f 2440/2440/2440 2441/2441/2441 2442/2442/2442
f 2443/2443/2443 2444/2444/2444 2445/2445/2445
f 2446/2446/2446 2447/2447/2447 2448/2448/2448
f 2449/2449/2449 2450/2450/2450 2451/2451/2451
f 2452/2452/2452 2453/2453/2453 2454/2454/2454
f 2455/2455/2455 2456/2456/2456 2457/2457/2457
f 2458/2458/2458 2459/2459/2459 2460/2460/2460
f 2461/2461/2461 2462/2462/2462 2463/2463/2463
f 2464/2464/2464 2465/2465/2465 2466/2466/2466
f 2467/2467/2467 2468/2468/2468 2469/2469/2469
f 2470/2470/2470 2471/2471/2471 2472/2472/2472
f 2473/2473/2473 2474/2474/2474 2475/2475/2475
f 2476/2476/2476 2477/2477/2477 2478/2478/2478
f 2479/2479/2479 2480/2480/2480 2481/2481/2481
f 2482/2482/2482 2483/2483/2483 2484/2484/2484
f 2485/2485/2485 2486/2486/2486 2487/2487/2487
f 2488/2488/2488 2489/2489/2489 2490/2490/2490
f 2491/2491/2491 2492/2492/2492 2493/2493/2493
f 2494/2494/2494 2495/2495/2495 2496/2496/2496
f 2497/2497/2497 2498/2498/2498 2499/2499/2499
f 2500/2500/2500 2501/2501/2501 2502/2502/2502
f 2503/2503/2503 2504/2504/2504 2505/2505/2505
f 2506/2506/2506 2507/2507/2507 2508/2508/2508
f 2509/2509/2509 2510/2510/2510 2511/2511/2511
f 2512/2512/2512 2513/2513/2513 2514/2514/2514
f 2515/2515/2515 2516/2516/2516 2517/2517/2517
f 2518/2518/2518 2519/2519/2519 2520/2520/2520
f 2521/2521/2521 2522/2522/2522 2523/2523/2523
f 2524/2524/2524 2525/2525/2525 2526/2526/2526
f 2527/2527/2527 2528/2528/2528 2529/2529/2529
f 2530/2530/2530 2531/2531/2531 2532/2532/2532
f 2533/2533/2533 2534/2534/2534 2535/2535/2535
f 2536/2536/2536 2537/2537/2537 2538/2538/2538
f 2539/2539/2539 2540/2540/2540 2541/2541/2541
f 2542/2542/2542 2543/2543/2543 2544/2544/2544
f 2545/2545/2545 2546/2546/2546 2547/2547/2547
f 2548/2548/2548 2549/2549/2549 2550/2550/2550
f 2551/2551/2551 2552/2552/2552 2553/2553/2553
f 2554/2554/2554 2555/2555/2555 2556/2556/2556
f 2557/2557/2557 2558/2558/2558 2559/2559/2559
f 2560/2560/2560 2561/2561/2561 2562/2562/2562
f 2563/2563/2563 2564/2564/2564 2565/2565/2565
f 2566/2566/2566 2567/2567/2567 2568/2568/2568
f 2569/2569/2569 2570/2570/2570 2571/2571/2571
f 2572/2572/2572 2573/2573/2573 2574/2574/2574
f 2575/2575/2575 2576/2576/2576 2577/2577/2577
f 2578/2578/2578 2579/2579/2579 2580/2580/2580
f 2581/2581/2581 2582/2582/2582 2583/2583/2583
f 2584/2584/2584 2585/2585/2585 2586/2586/2586
f 2587/2587/2587 2588/2588/2588 2589/2589/2589
f 2590/2590/2590 2591/2591/2591 2592/2592/2592
f 2593/2593/2593 2594/2594/2594 2595/2595/2595
f 2596/2596/2596 2597/2597/2597 2598/2598/2598
f 2599/2599/2599 2600/2600/2600 2601/2601/2601
f 2602/2602/2602 2603/2603/2603 2604/2604/2604
f 2605/2605/2605 2606/2606/2606 2607/2607/2607
f 2608/2608/2608 2609/2609/2609 2610/2610/2610
f 2611/2611/2611 2612/2612/2612 2613/2613/2613
f 2614/2614/2614 2615/2615/2615 2616/2616/2616
f 2617/2617/2617 2618/2618/2618 2619/2619/2619
f 2620/2620/2620 2621/2621/2621 2622/2622/2622
f 2623/2623/2623 2624/2624/2624 2625/2625/2625
f 2626/2626/2626 2627/2627/2627 2628/2628/2628
f 2629/2629/2629 2630/2630/2630 2631/2631/2631
f 2632/2632/2632 2633/2633/2633 2634/2634/2634
f 2635/2635/2635 2636/2636/2636 2637/2637/2637
f 2638/2638/2638 2639/2639/2639 2640/2640/2640
f 2641/2641/2641 2642/2642/2642 2643/2643/2643
f 2644/2644/2644 2645/2645/2645 2646/2646/2646
f 2647/2647/2647 2648/2648/2648 2649/2649/2649
f 2650/2650/2650 2651/2651/2651 2652/2652/2652
f 2653/2653/2653 2654/2654/2654 2655/2655/2655
f 2656/2656/2656 2657/2657/2657 2658/2658/2658
f 2659/2659/2659 2660/2660/2660 2661/2661/2661
f 2662/2662/2662 2663/2663/2663 2664/2664/2664
f 2665/2665/2665 2666/2666/2666 2667/2667/2667
f 2668/2668/2668 2669/2669/2669 2670/2670/2670
f 2671/2671/2671 2672/2672/2672 2673/2673/2673
f 2674/2674/2674 2675/2675/2675 2676/2676/2676
f 2677/2677/2677 2678/2678/2678 2679/2679/2679
f 2680/2680/2680 2681/2681/2681 2682/2682/2682
f 2683/2683/2683 2684/2684/2684 2685/2685/2685
f 2686/2686/2686 2687/2687/2687 2688/2688/2688
f 2689/2689/2689 2690/2690/2690 2691/2691/2691
f 2692/2692/2692 2693/2693/2693 2694/2694/2694
f 2695/2695/2695 2696/2696/2696 2697/2697/2697
f 2698/2698/2698 2699/2699/2699 2700/2700/2700
f 2701/2701/2701 2702/2702/2702 2703/2703/2703
f 2704/2704/2704 2705/2705/2705 2706/2706/2706
f 2707/2707/2707 2708/2708/2708 2709/2709/2709
f 2710/2710/2710 2711/2711/2711 2712/2712/2712
f 2713/2713/2713 2714/2714/2714 2715/2715/2715
f 2716/2716/2716 2717/2717/2717 2718/2718/2718
f 2719/2719/2719 2720/2720/2720 2721/2721/2721
f 2722/2722/2722 2723/2723/2723 2724/2724/2724
f 2725/2725/2725 2726/2726/2726 2727/2727/2727
f 2728/2728/2728 2729/2729/2729 2730/2730/2730
f 2731/2731/2731 2732/2732/2732 2733/2733/2733
f 2734/2734/2734 2735/2735/2735 2736/2736/2736
f 2737/2737/2737 2738/2738/2738 2739/2739/2739
f 2740/2740/2740 2741/2741/2741 2742/2742/2742
f 2743/2743/2743 2744/2744/2744 2745/2745/2745
f 2746/2746/2746 2747/2747/2747 2748/2748/2748
f 2749/2749/2749 2750/2750/2750 2751/2751/2751
f 2752/2752/2752 2753/2753/2753 2754/2754/2754
f 2755/2755/2755 2756/2756/2756 2757/2757/2757
f 2758/2758/2758 2759/2759/2759 2760/2760/2760
f 2761/2761/2761 2762/2762/2762 2763/2763/2763
f 2764/2764/2764 2765/2765/2765 2766/2766/2766
f 2767/2767/2767 2768/2768/2768 2769/2769/2769
f 2770/2770/2770 2771/2771/2771 2772/2772/2772
f 2773/2773/2773 2774/2774/2774 2775/2775/2775
f 2776/2776/2776 2777/2777/2777 2778/2778/2778
f 2779/2779/2779 2780/2780/2780 2781/2781/2781
f 2782/2782/2782 2783/2783/2783 2784/2784/2784
f 2785/2785/2785 2786/2786/2786 2787/2787/2787
f 2788/2788/2788 2789/2789/2789 2790/2790/2790
f 2791/2791/2791 2792/2792/2792 2793/2793/2793
f 2794/2794/2794 2795/2795/2795 2796/2796/2796
f 2797/2797/2797 2798/2798/2798 2799/2799/2799
f 2800/2800/2800 2801/2801/2801 2802/2802/2802
f 2803/2803/2803 2804/2804/2804 2805/2805/2805
f 2806/2806/2806 2807/2807/2807 2808/2808/2808
f 2809/2809/2809 2810/2810/2810 2811/2811/2811
f 2812/2812/2812 2813/2813/2813 2814/2814/2814
f 2815/2815/2815 2816/2816/2816 2817/2817/2817
f 2818/2818/2818 2819/2819/2819 2820/2820/2820
f 2821/2821/2821 2822/2822/2822 2823/2823/2823
f 2824/2824/2824 2825/2825/2825 2826/2826/2826
f 2827/2827/2827 2828/2828/2828 2829/2829/2829
f 2830/2830/2830 2831/2831/2831 2832/2832/2832
f 2833/2833/2833 2834/2834/2834 2835/2835/2835
f 2836/2836/2836 2837/2837/2837 2838/2838/2838
f 2839/2839/2839 2840/2840/2840 2841/2841/2841
f 2842/2842/2842 2843/2843/2843 2844/2844/2844
f 2845/2845/2845 2846/2846/2846 2847/2847/2847
f 2848/2848/2848 2849/2849/2849 2850/2850/2850
f 2851/2851/2851 2852/2852/2852 2853/2853/2853
f 2854/2854/2854 2855/2855/2855 2856/2856/2856
f 2857/2857/2857 2858/2858/2858 2859/2859/2859
f 2860/2860/2860 2861/2861/2861 2862/2862/2862
f 2863/2863/2863 2864/2864/2864 2865/2865/2865
f 2866/2866/2866 2867/2867/2867 2868/2868/2868
f 2869/2869/2869 2870/2870/2870 2871/2871/2871
f 2872/2872/2872 2873/2873/2873 2874/2874/2874
f 2875/2875/2875 2876/2876/2876 2877/2877/2877
f 2878/2878/2878 2879/2879/2879 2880/2880/2880
f 2881/2881/2881 2882/2882/2882 2883/2883/2883
f 2884/2884/2884 2885/2885/2885 2886/2886/2886
f 2887/2887/2887 2888/2888/2888 2889/2889/2889
f 2890/2890/2890 2891/2891/2891 2892/2892/2892
f 2893/2893/2893 2894/2894/2894 2895/2895/2895
f 2896/2896/2896 2897/2897/2897 2898/2898/2898
f 2899/2899/2899 2900/2900/2900 2901/2901/2901
f 2902/2902/2902 2903/2903/2903 2904/2904/2904
f 2905/2905/2905 2906/2906/2906 2907/2907/2907
f 2908/2908/2908 2909/2909/2909 2910/2910/2910
f 2911/2911/2911 2912/2912/2912 2913/2913/2913
f 2914/2914/2914 2915/2915/2915 2916/2916/2916
f 2917/2917/2917 2918/2918/2918 2919/2919/2919
f 2920/2920/2920 2921/2921/2921 2922/2922/2922
f 2923/2923/2923 2924/2924/2924 2925/2925/2925
f 2926/2926/2926 2927/2927/2927 2928/2928/2928
f 2929/2929/2929 2930/2930/2930 2931/2931/2931
f 2932/2932/2932 2933/2933/2933 2934/2934/2934
f 2935/2935/2935 2936/2936/2936 2937/2937/2937
f 2938/2938/2938 2939/2939/2939 2940/2940/2940
f 2941/2941/2941 2942/2942/2942 2943/2943/2943
f 2944/2944/2944 2945/2945/2945 2946/2946/2946
f 2947/2947/2947 2948/2948/2948 2949/2949/2949
f 2950/2950/2950 2951/2951/2951 2952/2952/2952
f 2953/2953/2953 2954/2954/2954 2955/2955/2955
f 2956/2956/2956 2957/2957/2957 2958/2958/2958
f 2959/2959/2959 2960/2960/2960 2961/2961/2961
f 2962/2962/2962 2963/2963/2963 2964/2964/2964
f 2965/2965/2965 2966/2966/2966 2967/2967/2967
f 2968/2968/2968 2969/2969/2969 2970/2970/2970
f 2971/2971/2971 2972/2972/2972 2973/2973/2973
f 2974/2974/2974 2975/2975/2975 2976/2976/2976
f 2977/2977/2977 2978/2978/2978 2979/2979/2979
f 2980/2980/2980 2981/2981/2981 2982/2982/2982
f 2983/2983/2983 2984/2984/2984 2985/2985/2985
f 2986/2986/2986 2987/2987/2987 2988/2988/2988
